/*
 Navicat Premium Data Transfer

 Source Server         : localhost_3306
 Source Server Type    : MySQL
 Source Server Version : 80025
 Source Host           : localhost:3306
 Source Schema         : authdb

 Target Server Type    : MySQL
 Target Server Version : 80025
 File Encoding         : 65001

 Date: 15/09/2021 16:09:10
*/

SET NAMES utf8mb4;
SET FOREIGN_KEY_CHECKS = 0;

-- ----------------------------
-- Table structure for oauth_access_token
-- ----------------------------
DROP TABLE IF EXISTS `oauth_access_token`;
CREATE TABLE `oauth_access_token`  (
  `token_id` varchar(256) CHARACTER SET utf8 COLLATE utf8_general_ci NULL DEFAULT NULL,
  `token` mediumblob NULL,
  `authentication_id` varchar(256) CHARACTER SET utf8 COLLATE utf8_general_ci NOT NULL,
  `user_name` varchar(256) CHARACTER SET utf8 COLLATE utf8_general_ci NULL DEFAULT NULL,
  `client_id` varchar(256) CHARACTER SET utf8 COLLATE utf8_general_ci NULL DEFAULT NULL,
  `authentication` mediumblob NULL,
  `refresh_token` varchar(256) CHARACTER SET utf8 COLLATE utf8_general_ci NULL DEFAULT NULL,
  PRIMARY KEY (`authentication_id`) USING BTREE
) ENGINE = InnoDB CHARACTER SET = utf8 COLLATE = utf8_general_ci ROW_FORMAT = Dynamic;

-- ----------------------------
-- Table structure for oauth_approvals
-- ----------------------------
DROP TABLE IF EXISTS `oauth_approvals`;
CREATE TABLE `oauth_approvals`  (
  `userId` varchar(256) CHARACTER SET utf8 COLLATE utf8_general_ci NULL DEFAULT NULL,
  `clientId` varchar(256) CHARACTER SET utf8 COLLATE utf8_general_ci NULL DEFAULT NULL,
  `scope` varchar(256) CHARACTER SET utf8 COLLATE utf8_general_ci NULL DEFAULT NULL,
  `status` varchar(10) CHARACTER SET utf8 COLLATE utf8_general_ci NULL DEFAULT NULL,
  `expiresAt` timestamp(0) NULL DEFAULT NULL,
  `lastModifiedAt` timestamp(0) NULL DEFAULT NULL
) ENGINE = InnoDB CHARACTER SET = utf8 COLLATE = utf8_general_ci ROW_FORMAT = Dynamic;

-- ----------------------------
-- Table structure for oauth_client_details
-- ----------------------------
DROP TABLE IF EXISTS `oauth_client_details`;
CREATE TABLE `oauth_client_details`  (
  `client_id` varchar(255) CHARACTER SET utf8 COLLATE utf8_general_ci NOT NULL,
  `client_secret` varchar(255) CHARACTER SET utf8 COLLATE utf8_general_ci NOT NULL,
  `web_server_redirect_uri` varchar(2048) CHARACTER SET utf8 COLLATE utf8_general_ci NULL DEFAULT NULL,
  `scope` varchar(255) CHARACTER SET utf8 COLLATE utf8_general_ci NULL DEFAULT NULL,
  `access_token_validity` int(0) NULL DEFAULT NULL,
  `refresh_token_validity` int(0) NULL DEFAULT NULL,
  `resource_ids` varchar(1024) CHARACTER SET utf8 COLLATE utf8_general_ci NULL DEFAULT NULL,
  `authorized_grant_types` varchar(1024) CHARACTER SET utf8 COLLATE utf8_general_ci NULL DEFAULT NULL,
  `authorities` varchar(1024) CHARACTER SET utf8 COLLATE utf8_general_ci NULL DEFAULT NULL,
  `additional_information` varchar(4096) CHARACTER SET utf8 COLLATE utf8_general_ci NULL DEFAULT NULL,
  `autoapprove` varchar(255) CHARACTER SET utf8 COLLATE utf8_general_ci NULL DEFAULT NULL,
  PRIMARY KEY (`client_id`) USING BTREE
) ENGINE = InnoDB CHARACTER SET = utf8 COLLATE = utf8_general_ci ROW_FORMAT = Dynamic;

-- ----------------------------
-- Records of oauth_client_details
-- ----------------------------
INSERT INTO `oauth_client_details` VALUES ('mobile', '$2a$12$weANC6WWWJ4ERf7KNYR7PeABuu3z68x8elFv3QkAA8j2B5g6hQqA2', 'http://localhost:8080/code', 'READ,WRITE', 3600, 10000, 'inventory,payment', 'authorization_code,password,refresh_token,implicit', NULL, '{}', NULL);

-- ----------------------------
-- Table structure for oauth_client_token
-- ----------------------------
DROP TABLE IF EXISTS `oauth_client_token`;
CREATE TABLE `oauth_client_token`  (
  `token_id` varchar(256) CHARACTER SET utf8 COLLATE utf8_general_ci NULL DEFAULT NULL,
  `token` mediumblob NULL,
  `authentication_id` varchar(256) CHARACTER SET utf8 COLLATE utf8_general_ci NOT NULL,
  `user_name` varchar(256) CHARACTER SET utf8 COLLATE utf8_general_ci NULL DEFAULT NULL,
  `client_id` varchar(256) CHARACTER SET utf8 COLLATE utf8_general_ci NULL DEFAULT NULL,
  PRIMARY KEY (`authentication_id`) USING BTREE
) ENGINE = InnoDB CHARACTER SET = utf8 COLLATE = utf8_general_ci ROW_FORMAT = Dynamic;

-- ----------------------------
-- Table structure for oauth_code
-- ----------------------------
DROP TABLE IF EXISTS `oauth_code`;
CREATE TABLE `oauth_code`  (
  `code` varchar(256) CHARACTER SET utf8 COLLATE utf8_general_ci NULL DEFAULT NULL,
  `authentication` mediumblob NULL
) ENGINE = InnoDB CHARACTER SET = utf8 COLLATE = utf8_general_ci ROW_FORMAT = Dynamic;

-- ----------------------------
-- Table structure for oauth_refresh_token
-- ----------------------------
DROP TABLE IF EXISTS `oauth_refresh_token`;
CREATE TABLE `oauth_refresh_token`  (
  `token_id` varchar(256) CHARACTER SET utf8 COLLATE utf8_general_ci NULL DEFAULT NULL,
  `token` mediumblob NULL,
  `authentication` mediumblob NULL
) ENGINE = InnoDB CHARACTER SET = utf8 COLLATE = utf8_general_ci ROW_FORMAT = Dynamic;

-- ----------------------------
-- Records of oauth_refresh_token
-- ----------------------------
INSERT INTO `oauth_refresh_token` VALUES ('48cf6f5efc5eabe8b936e8628d2c20b6', 0xACED00057372004C6F72672E737072696E676672616D65776F726B2E73656375726974792E6F61757468322E636F6D6D6F6E2E44656661756C744578706972696E674F417574683252656672657368546F6B656E2FDF47639DD0C9B70200014C000A65787069726174696F6E7400104C6A6176612F7574696C2F446174653B787200446F72672E737072696E676672616D65776F726B2E73656375726974792E6F61757468322E636F6D6D6F6E2E44656661756C744F417574683252656672657368546F6B656E73E10E0A6354D45E0200014C000576616C75657400124C6A6176612F6C616E672F537472696E673B787074002437626139623561332D383465392D346564382D623234622D3861636531656237316366317372000E6A6176612E7574696C2E44617465686A81014B597419030000787077080000017BDDCDDF2978, 0xACED0005737200416F72672E737072696E676672616D65776F726B2E73656375726974792E6F61757468322E70726F76696465722E4F417574683241757468656E7469636174696F6EBD400B02166252130200024C000D73746F7265645265717565737474003C4C6F72672F737072696E676672616D65776F726B2F73656375726974792F6F61757468322F70726F76696465722F4F4175746832526571756573743B4C00127573657241757468656E7469636174696F6E7400324C6F72672F737072696E676672616D65776F726B2F73656375726974792F636F72652F41757468656E7469636174696F6E3B787200476F72672E737072696E676672616D65776F726B2E73656375726974792E61757468656E7469636174696F6E2E416273747261637441757468656E7469636174696F6E546F6B656ED3AA287E6E47640E0200035A000D61757468656E746963617465644C000B617574686F7269746965737400164C6A6176612F7574696C2F436F6C6C656374696F6E3B4C000764657461696C737400124C6A6176612F6C616E672F4F626A6563743B787000737200266A6176612E7574696C2E436F6C6C656374696F6E7324556E6D6F6469666961626C654C697374FC0F2531B5EC8E100200014C00046C6973747400104C6A6176612F7574696C2F4C6973743B7872002C6A6176612E7574696C2E436F6C6C656374696F6E7324556E6D6F6469666961626C65436F6C6C656374696F6E19420080CB5EF71E0200014C00016371007E00047870737200136A6176612E7574696C2E41727261794C6973747881D21D99C7619D03000149000473697A65787000000005770400000005737200426F72672E737072696E676672616D65776F726B2E73656375726974792E636F72652E617574686F726974792E53696D706C654772616E746564417574686F7269747900000000000002120200014C0004726F6C657400124C6A6176612F6C616E672F537472696E673B787074000A524F4C455F61646D696E7371007E000D74000E6372656174655F70726F66696C657371007E000D74000E64656C6574655F70726F66696C657371007E000D74000C726561645F70726F66696C657371007E000D74000E7570646174655F70726F66696C657871007E000C707372003A6F72672E737072696E676672616D65776F726B2E73656375726974792E6F61757468322E70726F76696465722E4F41757468325265717565737400000000000000010200075A0008617070726F7665644C000B617574686F72697469657371007E00044C000A657874656E73696F6E7374000F4C6A6176612F7574696C2F4D61703B4C000B726564697265637455726971007E000E4C00077265667265736874003B4C6F72672F737072696E676672616D65776F726B2F73656375726974792F6F61757468322F70726F76696465722F546F6B656E526571756573743B4C000B7265736F7572636549647374000F4C6A6176612F7574696C2F5365743B4C000D726573706F6E7365547970657371007E001C787200386F72672E737072696E676672616D65776F726B2E73656375726974792E6F61757468322E70726F76696465722E426173655265717565737436287A3EA37169BD0200034C0008636C69656E74496471007E000E4C001172657175657374506172616D657465727371007E001A4C000573636F706571007E001C78707400066D6F62696C65737200256A6176612E7574696C2E436F6C6C656374696F6E7324556E6D6F6469666961626C654D6170F1A5A8FE74F507420200014C00016D71007E001A7870737200116A6176612E7574696C2E486173684D61700507DAC1C31660D103000246000A6C6F6164466163746F724900097468726573686F6C6478703F400000000000037708000000040000000274000A6772616E745F7479706574000870617373776F7264740008757365726E616D657400056B7269736878737200256A6176612E7574696C2E436F6C6C656374696F6E7324556E6D6F6469666961626C65536574801D92D18F9B80550200007871007E0009737200176A6176612E7574696C2E4C696E6B656448617368536574D86CD75A95DD2A1E020000787200116A6176612E7574696C2E48617368536574BA44859596B8B7340300007870770C000000103F4000000000000274000452454144740005575249544578017371007E002B770C000000103F40000000000000787371007E00223F40000000000000770800000010000000007870707371007E002B770C000000103F400000000000027400077061796D656E74740009696E76656E746F7279787371007E002B770C000000103F40000000000000787372004F6F72672E737072696E676672616D65776F726B2E73656375726974792E61757468656E7469636174696F6E2E557365726E616D6550617373776F726441757468656E7469636174696F6E546F6B656E00000000000002120200024C000B63726564656E7469616C7371007E00054C00097072696E636970616C71007E00057871007E0003017371007E00077371007E000B0000000577040000000571007E000F71007E001171007E001371007E001571007E00177871007E0038737200176A6176612E7574696C2E4C696E6B6564486173684D617034C04E5C106CC0FB0200015A000B6163636573734F726465727871007E00223F400000000000067708000000080000000271007E002471007E002571007E002671007E002778007073720029636F6D2E68756E672E6F617574687365727665722E6D6F64656C2E417574685573657244657461696C1143EA235A6E3C0F0200007872001F636F6D2E68756E672E6F617574687365727665722E6D6F64656C2E5573657273819D3AB432069B0200095A00116163636F756E744E6F6E457870697265645A00106163636F756E744E6F6E4C6F636B65645A001563726564656E7469616C734E6F6E457870697265645A0007656E61626C65644C0005656D61696C71007E000E4C000269647400134C6A6176612F6C616E672F496E74656765723B4C000870617373776F726471007E000E4C0005726F6C657371007E00084C0008757365726E616D6571007E000E7870010101017400106B406B72697368616E7468612E636F6D7074003C24326124313224796D5061335049395968434E4E3664725769466C78754235652F6F5573657774482F6F2F39305750737376507138583556776A79437372002F6F72672E68696265726E6174652E636F6C6C656374696F6E2E696E7465726E616C2E50657273697374656E74426167FE57C5AFDA4FA6440200024C000362616771007E00084C001270726F7669646564436F6C6C656374696F6E71007E00047872003E6F72672E68696265726E6174652E636F6C6C656374696F6E2E696E7465726E616C2E416273747261637450657273697374656E74436F6C6C656374696F6E5718B75D8ABA735402000B5A001B616C6C6F774C6F61644F7574736964655472616E73616374696F6E49000A63616368656453697A655A000564697274795A000E656C656D656E7452656D6F7665645A000B696E697469616C697A65645A000D697354656D7053657373696F6E4C00036B65797400164C6A6176612F696F2F53657269616C697A61626C653B4C00056F776E657271007E00054C0004726F6C6571007E000E4C001273657373696F6E466163746F72795575696471007E000E4C000E73746F726564536E617073686F7471007E0043787000FFFFFFFF00000100737200116A6176612E6C616E672E496E746567657212E2A0A4F781873802000149000576616C7565787200106A6176612E6C616E672E4E756D62657286AC951D0B94E08B0200007870000000017371007E003C0101010171007E003F71007E004771007E004071007E00447400056B72697368740025636F6D2E68756E672E6F617574687365727665722E6D6F64656C2E557365722E726F6C6573707371007E000B000000017704000000017372001F636F6D2E68756E672E6F617574687365727665722E6D6F64656C2E526F6C65DAE1097F426EB5220200034C0002696471007E003D4C00046E616D6571007E000E4C000B7065726D697373696F6E7371007E0008787071007E004771007E00107371007E004100FFFFFFFF0000010071007E004771007E004D74002B636F6D2E68756E672E6F617574687365727665722E6D6F64656C2E526F6C652E7065726D697373696F6E73707371007E000B0000000477040000000473720025636F6D2E68756E672E6F617574687365727665722E6D6F64656C2E5065726D697373696F6E0A5EF31C6BE0DED30200024C0002696471007E003D4C00046E616D6571007E000E787071007E004771007E00127371007E00517371007E00450000000471007E00147371007E00517371007E00450000000271007E00167371007E00517371007E00450000000371007E0018787371007E000B0000000477040000000471007E005271007E005371007E005571007E00577870787371007E000B0000000177040000000171007E004D787071007E0049);
INSERT INTO `oauth_refresh_token` VALUES ('59d01fd540b6782cf405c4997dfb96b4', 0xACED00057372004C6F72672E737072696E676672616D65776F726B2E73656375726974792E6F61757468322E636F6D6D6F6E2E44656661756C744578706972696E674F417574683252656672657368546F6B656E2FDF47639DD0C9B70200014C000A65787069726174696F6E7400104C6A6176612F7574696C2F446174653B787200446F72672E737072696E676672616D65776F726B2E73656375726974792E6F61757468322E636F6D6D6F6E2E44656661756C744F417574683252656672657368546F6B656E73E10E0A6354D45E0200014C000576616C75657400124C6A6176612F6C616E672F537472696E673B787074002465306430383032622D333065382D346332342D623339612D3539333431383837303135307372000E6A6176612E7574696C2E44617465686A81014B597419030000787077080000017BDDE0197C78, 0xACED0005737200416F72672E737072696E676672616D65776F726B2E73656375726974792E6F61757468322E70726F76696465722E4F417574683241757468656E7469636174696F6EBD400B02166252130200024C000D73746F7265645265717565737474003C4C6F72672F737072696E676672616D65776F726B2F73656375726974792F6F61757468322F70726F76696465722F4F4175746832526571756573743B4C00127573657241757468656E7469636174696F6E7400324C6F72672F737072696E676672616D65776F726B2F73656375726974792F636F72652F41757468656E7469636174696F6E3B787200476F72672E737072696E676672616D65776F726B2E73656375726974792E61757468656E7469636174696F6E2E416273747261637441757468656E7469636174696F6E546F6B656ED3AA287E6E47640E0200035A000D61757468656E746963617465644C000B617574686F7269746965737400164C6A6176612F7574696C2F436F6C6C656374696F6E3B4C000764657461696C737400124C6A6176612F6C616E672F4F626A6563743B787000737200266A6176612E7574696C2E436F6C6C656374696F6E7324556E6D6F6469666961626C654C697374FC0F2531B5EC8E100200014C00046C6973747400104C6A6176612F7574696C2F4C6973743B7872002C6A6176612E7574696C2E436F6C6C656374696F6E7324556E6D6F6469666961626C65436F6C6C656374696F6E19420080CB5EF71E0200014C00016371007E00047870737200136A6176612E7574696C2E41727261794C6973747881D21D99C7619D03000149000473697A65787000000005770400000005737200426F72672E737072696E676672616D65776F726B2E73656375726974792E636F72652E617574686F726974792E53696D706C654772616E746564417574686F7269747900000000000002120200014C0004726F6C657400124C6A6176612F6C616E672F537472696E673B787074000A524F4C455F61646D696E7371007E000D74000E6372656174655F70726F66696C657371007E000D74000E64656C6574655F70726F66696C657371007E000D74000C726561645F70726F66696C657371007E000D74000E7570646174655F70726F66696C657871007E000C707372003A6F72672E737072696E676672616D65776F726B2E73656375726974792E6F61757468322E70726F76696465722E4F41757468325265717565737400000000000000010200075A0008617070726F7665644C000B617574686F72697469657371007E00044C000A657874656E73696F6E7374000F4C6A6176612F7574696C2F4D61703B4C000B726564697265637455726971007E000E4C00077265667265736874003B4C6F72672F737072696E676672616D65776F726B2F73656375726974792F6F61757468322F70726F76696465722F546F6B656E526571756573743B4C000B7265736F7572636549647374000F4C6A6176612F7574696C2F5365743B4C000D726573706F6E7365547970657371007E001C787200386F72672E737072696E676672616D65776F726B2E73656375726974792E6F61757468322E70726F76696465722E426173655265717565737436287A3EA37169BD0200034C0008636C69656E74496471007E000E4C001172657175657374506172616D657465727371007E001A4C000573636F706571007E001C78707400066D6F62696C65737200256A6176612E7574696C2E436F6C6C656374696F6E7324556E6D6F6469666961626C654D6170F1A5A8FE74F507420200014C00016D71007E001A7870737200116A6176612E7574696C2E486173684D61700507DAC1C31660D103000246000A6C6F6164466163746F724900097468726573686F6C6478703F400000000000037708000000040000000274000A6772616E745F7479706574000870617373776F7264740008757365726E616D657400056B7269736878737200256A6176612E7574696C2E436F6C6C656374696F6E7324556E6D6F6469666961626C65536574801D92D18F9B80550200007871007E0009737200176A6176612E7574696C2E4C696E6B656448617368536574D86CD75A95DD2A1E020000787200116A6176612E7574696C2E48617368536574BA44859596B8B7340300007870770C000000103F4000000000000274000452454144740005575249544578017371007E002B770C000000103F40000000000000787371007E00223F40000000000000770800000010000000007870707371007E002B770C000000103F400000000000027400077061796D656E74740009696E76656E746F7279787371007E002B770C000000103F40000000000000787372004F6F72672E737072696E676672616D65776F726B2E73656375726974792E61757468656E7469636174696F6E2E557365726E616D6550617373776F726441757468656E7469636174696F6E546F6B656E00000000000002120200024C000B63726564656E7469616C7371007E00054C00097072696E636970616C71007E00057871007E0003017371007E00077371007E000B0000000577040000000571007E000F71007E001171007E001371007E001571007E00177871007E0038737200176A6176612E7574696C2E4C696E6B6564486173684D617034C04E5C106CC0FB0200015A000B6163636573734F726465727871007E00223F400000000000067708000000080000000271007E002471007E002571007E002671007E002778007073720029636F6D2E68756E672E6F617574687365727665722E6D6F64656C2E417574685573657244657461696C1143EA235A6E3C0F0200007872001F636F6D2E68756E672E6F617574687365727665722E6D6F64656C2E5573657273819D3AB432069B0200095A00116163636F756E744E6F6E457870697265645A00106163636F756E744E6F6E4C6F636B65645A001563726564656E7469616C734E6F6E457870697265645A0007656E61626C65644C0005656D61696C71007E000E4C000269647400134C6A6176612F6C616E672F496E74656765723B4C000870617373776F726471007E000E4C0005726F6C657371007E00084C0008757365726E616D6571007E000E7870010101017400106B406B72697368616E7468612E636F6D7074003C24326124313224796D5061335049395968434E4E3664725769466C78754235652F6F5573657774482F6F2F39305750737376507138583556776A79437372002F6F72672E68696265726E6174652E636F6C6C656374696F6E2E696E7465726E616C2E50657273697374656E74426167FE57C5AFDA4FA6440200024C000362616771007E00084C001270726F7669646564436F6C6C656374696F6E71007E00047872003E6F72672E68696265726E6174652E636F6C6C656374696F6E2E696E7465726E616C2E416273747261637450657273697374656E74436F6C6C656374696F6E5718B75D8ABA735402000B5A001B616C6C6F774C6F61644F7574736964655472616E73616374696F6E49000A63616368656453697A655A000564697274795A000E656C656D656E7452656D6F7665645A000B696E697469616C697A65645A000D697354656D7053657373696F6E4C00036B65797400164C6A6176612F696F2F53657269616C697A61626C653B4C00056F776E657271007E00054C0004726F6C6571007E000E4C001273657373696F6E466163746F72795575696471007E000E4C000E73746F726564536E617073686F7471007E0043787000FFFFFFFF00000100737200116A6176612E6C616E672E496E746567657212E2A0A4F781873802000149000576616C7565787200106A6176612E6C616E672E4E756D62657286AC951D0B94E08B0200007870000000017371007E003C0101010171007E003F71007E004771007E004071007E00447400056B72697368740025636F6D2E68756E672E6F617574687365727665722E6D6F64656C2E557365722E726F6C6573707371007E000B000000017704000000017372001F636F6D2E68756E672E6F617574687365727665722E6D6F64656C2E526F6C65DAE1097F426EB5220200034C0002696471007E003D4C00046E616D6571007E000E4C000B7065726D697373696F6E7371007E0008787071007E004771007E00107371007E004100FFFFFFFF0000010071007E004771007E004D74002B636F6D2E68756E672E6F617574687365727665722E6D6F64656C2E526F6C652E7065726D697373696F6E73707371007E000B0000000477040000000473720025636F6D2E68756E672E6F617574687365727665722E6D6F64656C2E5065726D697373696F6E0A5EF31C6BE0DED30200024C0002696471007E003D4C00046E616D6571007E000E787071007E004771007E00127371007E00517371007E00450000000471007E00147371007E00517371007E00450000000271007E00167371007E00517371007E00450000000371007E0018787371007E000B0000000477040000000471007E005271007E005371007E005571007E00577870787371007E000B0000000177040000000171007E004D787071007E0049);
INSERT INTO `oauth_refresh_token` VALUES ('e4230de4f8c3c730f0c5358485c66aa0', 0xACED00057372004C6F72672E737072696E676672616D65776F726B2E73656375726974792E6F61757468322E636F6D6D6F6E2E44656661756C744578706972696E674F417574683252656672657368546F6B656E2FDF47639DD0C9B70200014C000A65787069726174696F6E7400104C6A6176612F7574696C2F446174653B787200446F72672E737072696E676672616D65776F726B2E73656375726974792E6F61757468322E636F6D6D6F6E2E44656661756C744F417574683252656672657368546F6B656E73E10E0A6354D45E0200014C000576616C75657400124C6A6176612F6C616E672F537472696E673B787074002432613235646234312D343262322D343763392D383765382D3737663338303436623433647372000E6A6176612E7574696C2E44617465686A81014B597419030000787077080000017BDE09DDB678, 0xACED0005737200416F72672E737072696E676672616D65776F726B2E73656375726974792E6F61757468322E70726F76696465722E4F417574683241757468656E7469636174696F6EBD400B02166252130200024C000D73746F7265645265717565737474003C4C6F72672F737072696E676672616D65776F726B2F73656375726974792F6F61757468322F70726F76696465722F4F4175746832526571756573743B4C00127573657241757468656E7469636174696F6E7400324C6F72672F737072696E676672616D65776F726B2F73656375726974792F636F72652F41757468656E7469636174696F6E3B787200476F72672E737072696E676672616D65776F726B2E73656375726974792E61757468656E7469636174696F6E2E416273747261637441757468656E7469636174696F6E546F6B656ED3AA287E6E47640E0200035A000D61757468656E746963617465644C000B617574686F7269746965737400164C6A6176612F7574696C2F436F6C6C656374696F6E3B4C000764657461696C737400124C6A6176612F6C616E672F4F626A6563743B787000737200266A6176612E7574696C2E436F6C6C656374696F6E7324556E6D6F6469666961626C654C697374FC0F2531B5EC8E100200014C00046C6973747400104C6A6176612F7574696C2F4C6973743B7872002C6A6176612E7574696C2E436F6C6C656374696F6E7324556E6D6F6469666961626C65436F6C6C656374696F6E19420080CB5EF71E0200014C00016371007E00047870737200136A6176612E7574696C2E41727261794C6973747881D21D99C7619D03000149000473697A65787000000005770400000005737200426F72672E737072696E676672616D65776F726B2E73656375726974792E636F72652E617574686F726974792E53696D706C654772616E746564417574686F7269747900000000000002120200014C0004726F6C657400124C6A6176612F6C616E672F537472696E673B787074000A524F4C455F61646D696E7371007E000D74000E6372656174655F70726F66696C657371007E000D74000E64656C6574655F70726F66696C657371007E000D74000C726561645F70726F66696C657371007E000D74000E7570646174655F70726F66696C657871007E000C707372003A6F72672E737072696E676672616D65776F726B2E73656375726974792E6F61757468322E70726F76696465722E4F41757468325265717565737400000000000000010200075A0008617070726F7665644C000B617574686F72697469657371007E00044C000A657874656E73696F6E7374000F4C6A6176612F7574696C2F4D61703B4C000B726564697265637455726971007E000E4C00077265667265736874003B4C6F72672F737072696E676672616D65776F726B2F73656375726974792F6F61757468322F70726F76696465722F546F6B656E526571756573743B4C000B7265736F7572636549647374000F4C6A6176612F7574696C2F5365743B4C000D726573706F6E7365547970657371007E001C787200386F72672E737072696E676672616D65776F726B2E73656375726974792E6F61757468322E70726F76696465722E426173655265717565737436287A3EA37169BD0200034C0008636C69656E74496471007E000E4C001172657175657374506172616D657465727371007E001A4C000573636F706571007E001C78707400066D6F62696C65737200256A6176612E7574696C2E436F6C6C656374696F6E7324556E6D6F6469666961626C654D6170F1A5A8FE74F507420200014C00016D71007E001A7870737200116A6176612E7574696C2E486173684D61700507DAC1C31660D103000246000A6C6F6164466163746F724900097468726573686F6C6478703F400000000000037708000000040000000274000A6772616E745F7479706574000870617373776F7264740008757365726E616D657400056B7269736878737200256A6176612E7574696C2E436F6C6C656374696F6E7324556E6D6F6469666961626C65536574801D92D18F9B80550200007871007E0009737200176A6176612E7574696C2E4C696E6B656448617368536574D86CD75A95DD2A1E020000787200116A6176612E7574696C2E48617368536574BA44859596B8B7340300007870770C000000103F4000000000000274000452454144740005575249544578017371007E002B770C000000103F40000000000000787371007E00223F40000000000000770800000010000000007870707371007E002B770C000000103F400000000000027400077061796D656E74740009696E76656E746F7279787371007E002B770C000000103F40000000000000787372004F6F72672E737072696E676672616D65776F726B2E73656375726974792E61757468656E7469636174696F6E2E557365726E616D6550617373776F726441757468656E7469636174696F6E546F6B656E00000000000002120200024C000B63726564656E7469616C7371007E00054C00097072696E636970616C71007E00057871007E0003017371007E00077371007E000B0000000577040000000571007E000F71007E001171007E001371007E001571007E00177871007E0038737200176A6176612E7574696C2E4C696E6B6564486173684D617034C04E5C106CC0FB0200015A000B6163636573734F726465727871007E00223F400000000000067708000000080000000271007E002471007E002571007E002671007E002778007073720029636F6D2E68756E672E6F617574687365727665722E6D6F64656C2E417574685573657244657461696C1143EA235A6E3C0F0200007872001F636F6D2E68756E672E6F617574687365727665722E6D6F64656C2E5573657273819D3AB432069B0200095A00116163636F756E744E6F6E457870697265645A00106163636F756E744E6F6E4C6F636B65645A001563726564656E7469616C734E6F6E457870697265645A0007656E61626C65644C0005656D61696C71007E000E4C000269647400134C6A6176612F6C616E672F496E74656765723B4C000870617373776F726471007E000E4C0005726F6C657371007E00084C0008757365726E616D6571007E000E7870010101017400106B406B72697368616E7468612E636F6D7074003C24326124313224796D5061335049395968434E4E3664725769466C78754235652F6F5573657774482F6F2F39305750737376507138583556776A79437372002F6F72672E68696265726E6174652E636F6C6C656374696F6E2E696E7465726E616C2E50657273697374656E74426167FE57C5AFDA4FA6440200024C000362616771007E00084C001270726F7669646564436F6C6C656374696F6E71007E00047872003E6F72672E68696265726E6174652E636F6C6C656374696F6E2E696E7465726E616C2E416273747261637450657273697374656E74436F6C6C656374696F6E5718B75D8ABA735402000B5A001B616C6C6F774C6F61644F7574736964655472616E73616374696F6E49000A63616368656453697A655A000564697274795A000E656C656D656E7452656D6F7665645A000B696E697469616C697A65645A000D697354656D7053657373696F6E4C00036B65797400164C6A6176612F696F2F53657269616C697A61626C653B4C00056F776E657271007E00054C0004726F6C6571007E000E4C001273657373696F6E466163746F72795575696471007E000E4C000E73746F726564536E617073686F7471007E0043787000FFFFFFFF00000100737200116A6176612E6C616E672E496E746567657212E2A0A4F781873802000149000576616C7565787200106A6176612E6C616E672E4E756D62657286AC951D0B94E08B0200007870000000017371007E003C0101010171007E003F71007E004771007E004071007E00447400056B72697368740025636F6D2E68756E672E6F617574687365727665722E6D6F64656C2E557365722E726F6C6573707371007E000B000000017704000000017372001F636F6D2E68756E672E6F617574687365727665722E6D6F64656C2E526F6C65DAE1097F426EB5220200034C0002696471007E003D4C00046E616D6571007E000E4C000B7065726D697373696F6E7371007E0008787071007E004771007E00107371007E004100FFFFFFFF0000010071007E004771007E004D74002B636F6D2E68756E672E6F617574687365727665722E6D6F64656C2E526F6C652E7065726D697373696F6E73707371007E000B0000000477040000000473720025636F6D2E68756E672E6F617574687365727665722E6D6F64656C2E5065726D697373696F6E0A5EF31C6BE0DED30200024C0002696471007E003D4C00046E616D6571007E000E787071007E004771007E00127371007E00517371007E00450000000471007E00147371007E00517371007E00450000000271007E00167371007E00517371007E00450000000371007E0018787371007E000B0000000477040000000471007E005271007E005371007E005571007E00577870787371007E000B0000000177040000000171007E004D787071007E0049);
INSERT INTO `oauth_refresh_token` VALUES ('a182c5a1f3c4e31a90f4c81db73156e8', 0xACED00057372004C6F72672E737072696E676672616D65776F726B2E73656375726974792E6F61757468322E636F6D6D6F6E2E44656661756C744578706972696E674F417574683252656672657368546F6B656E2FDF47639DD0C9B70200014C000A65787069726174696F6E7400104C6A6176612F7574696C2F446174653B787200446F72672E737072696E676672616D65776F726B2E73656375726974792E6F61757468322E636F6D6D6F6E2E44656661756C744F417574683252656672657368546F6B656E73E10E0A6354D45E0200014C000576616C75657400124C6A6176612F6C616E672F537472696E673B787074030B65794A68624763694F694A53557A49314E694973496E523563434936496B705856434A392E65794A68645751694F6C7369634746356257567564434973496D6C75646D56756447397965534A644C434A316332567958323568625755694F694A72636D6C7A61434973496E4E6A6233426C496A7062496C4A46515551694C434A58556B6C5552534A644C434A6864476B694F6949355A5449774E7A51335979316B595449314C54517A5A544D744F4759344D7930785954557A593245345932526C5A4459694C434A6C654841694F6A45324D7A45314D54677A4E7A4973496D463164476876636D6C306157567A496A7062496C4A505445566659575274615734694C434A6B5A57786C6447566663484A765A6D6C735A534973496E56775A4746305A563977636D396D6157786C49697769636D56685A463977636D396D6157786C4969776959334A6C5958526C5833427962325A706247556958537769616E5270496A6F6959324D354E54686C596A51744F546B314E7930305A6A6B794C546B314D6A55744E4441774E7A466C4D44457A5A444A6B49697769593278705A57353058326C6B496A6F69625739696157786C496E302E5445764B545842674A697548414C325A7A3353776F4D52765664585479656B526C344B526B4A62784173487A686A424D4F382D6348373072792D64793436423533785F6A3633446D79586F7677752D46644F665351325546415F61385F615166676879516B4D3050666D694F4B5A7376667659616D4B5F484832516A327538673236666E4D73346367596853743066424A51415956495A6A5571466D545854597853465F75553636377257377279596A4D6A754572674B7A50797938786C796E325467756369394267687552336B6E7A4A714E47464C33546272484F5578397849482D50354C6E534541385A4E4F423859724765723347496A575F7259764F7166413332476C495F7843776964486163595A656F596A5865713564707862785F5F4C685A435F6358466C383956413673613561705367556155577A555768526E4C7743715852307A4E417975707A5A73685062634E677372000E6A6176612E7574696C2E44617465686A81014B597419030000787077080000017BDE12B0C378, 0xACED0005737200416F72672E737072696E676672616D65776F726B2E73656375726974792E6F61757468322E70726F76696465722E4F417574683241757468656E7469636174696F6EBD400B02166252130200024C000D73746F7265645265717565737474003C4C6F72672F737072696E676672616D65776F726B2F73656375726974792F6F61757468322F70726F76696465722F4F4175746832526571756573743B4C00127573657241757468656E7469636174696F6E7400324C6F72672F737072696E676672616D65776F726B2F73656375726974792F636F72652F41757468656E7469636174696F6E3B787200476F72672E737072696E676672616D65776F726B2E73656375726974792E61757468656E7469636174696F6E2E416273747261637441757468656E7469636174696F6E546F6B656ED3AA287E6E47640E0200035A000D61757468656E746963617465644C000B617574686F7269746965737400164C6A6176612F7574696C2F436F6C6C656374696F6E3B4C000764657461696C737400124C6A6176612F6C616E672F4F626A6563743B787000737200266A6176612E7574696C2E436F6C6C656374696F6E7324556E6D6F6469666961626C654C697374FC0F2531B5EC8E100200014C00046C6973747400104C6A6176612F7574696C2F4C6973743B7872002C6A6176612E7574696C2E436F6C6C656374696F6E7324556E6D6F6469666961626C65436F6C6C656374696F6E19420080CB5EF71E0200014C00016371007E00047870737200136A6176612E7574696C2E41727261794C6973747881D21D99C7619D03000149000473697A65787000000005770400000005737200426F72672E737072696E676672616D65776F726B2E73656375726974792E636F72652E617574686F726974792E53696D706C654772616E746564417574686F7269747900000000000002120200014C0004726F6C657400124C6A6176612F6C616E672F537472696E673B787074000A524F4C455F61646D696E7371007E000D74000E6372656174655F70726F66696C657371007E000D74000E64656C6574655F70726F66696C657371007E000D74000C726561645F70726F66696C657371007E000D74000E7570646174655F70726F66696C657871007E000C707372003A6F72672E737072696E676672616D65776F726B2E73656375726974792E6F61757468322E70726F76696465722E4F41757468325265717565737400000000000000010200075A0008617070726F7665644C000B617574686F72697469657371007E00044C000A657874656E73696F6E7374000F4C6A6176612F7574696C2F4D61703B4C000B726564697265637455726971007E000E4C00077265667265736874003B4C6F72672F737072696E676672616D65776F726B2F73656375726974792F6F61757468322F70726F76696465722F546F6B656E526571756573743B4C000B7265736F7572636549647374000F4C6A6176612F7574696C2F5365743B4C000D726573706F6E7365547970657371007E001C787200386F72672E737072696E676672616D65776F726B2E73656375726974792E6F61757468322E70726F76696465722E426173655265717565737436287A3EA37169BD0200034C0008636C69656E74496471007E000E4C001172657175657374506172616D657465727371007E001A4C000573636F706571007E001C78707400066D6F62696C65737200256A6176612E7574696C2E436F6C6C656374696F6E7324556E6D6F6469666961626C654D6170F1A5A8FE74F507420200014C00016D71007E001A7870737200116A6176612E7574696C2E486173684D61700507DAC1C31660D103000246000A6C6F6164466163746F724900097468726573686F6C6478703F400000000000037708000000040000000274000A6772616E745F7479706574000870617373776F7264740008757365726E616D657400056B7269736878737200256A6176612E7574696C2E436F6C6C656374696F6E7324556E6D6F6469666961626C65536574801D92D18F9B80550200007871007E0009737200176A6176612E7574696C2E4C696E6B656448617368536574D86CD75A95DD2A1E020000787200116A6176612E7574696C2E48617368536574BA44859596B8B7340300007870770C000000103F4000000000000274000452454144740005575249544578017371007E002B770C000000103F40000000000000787371007E00223F40000000000000770800000010000000007870707371007E002B770C000000103F400000000000027400077061796D656E74740009696E76656E746F7279787371007E002B770C000000103F40000000000000787372004F6F72672E737072696E676672616D65776F726B2E73656375726974792E61757468656E7469636174696F6E2E557365726E616D6550617373776F726441757468656E7469636174696F6E546F6B656E00000000000002120200024C000B63726564656E7469616C7371007E00054C00097072696E636970616C71007E00057871007E0003017371007E00077371007E000B0000000577040000000571007E000F71007E001171007E001371007E001571007E00177871007E0038737200176A6176612E7574696C2E4C696E6B6564486173684D617034C04E5C106CC0FB0200015A000B6163636573734F726465727871007E00223F400000000000067708000000080000000271007E002471007E002571007E002671007E002778007073720029636F6D2E68756E672E6F617574687365727665722E6D6F64656C2E417574685573657244657461696C1143EA235A6E3C0F0200007872001F636F6D2E68756E672E6F617574687365727665722E6D6F64656C2E5573657273819D3AB432069B0200095A00116163636F756E744E6F6E457870697265645A00106163636F756E744E6F6E4C6F636B65645A001563726564656E7469616C734E6F6E457870697265645A0007656E61626C65644C0005656D61696C71007E000E4C000269647400134C6A6176612F6C616E672F496E74656765723B4C000870617373776F726471007E000E4C0005726F6C657371007E00084C0008757365726E616D6571007E000E7870010101017400106B406B72697368616E7468612E636F6D7074003C24326124313224796D5061335049395968434E4E3664725769466C78754235652F6F5573657774482F6F2F39305750737376507138583556776A79437372002F6F72672E68696265726E6174652E636F6C6C656374696F6E2E696E7465726E616C2E50657273697374656E74426167FE57C5AFDA4FA6440200024C000362616771007E00084C001270726F7669646564436F6C6C656374696F6E71007E00047872003E6F72672E68696265726E6174652E636F6C6C656374696F6E2E696E7465726E616C2E416273747261637450657273697374656E74436F6C6C656374696F6E5718B75D8ABA735402000B5A001B616C6C6F774C6F61644F7574736964655472616E73616374696F6E49000A63616368656453697A655A000564697274795A000E656C656D656E7452656D6F7665645A000B696E697469616C697A65645A000D697354656D7053657373696F6E4C00036B65797400164C6A6176612F696F2F53657269616C697A61626C653B4C00056F776E657271007E00054C0004726F6C6571007E000E4C001273657373696F6E466163746F72795575696471007E000E4C000E73746F726564536E617073686F7471007E0043787000FFFFFFFF00000100737200116A6176612E6C616E672E496E746567657212E2A0A4F781873802000149000576616C7565787200106A6176612E6C616E672E4E756D62657286AC951D0B94E08B0200007870000000017371007E003C0101010171007E003F71007E004771007E004071007E00447400056B72697368740025636F6D2E68756E672E6F617574687365727665722E6D6F64656C2E557365722E726F6C6573707371007E000B000000017704000000017372001F636F6D2E68756E672E6F617574687365727665722E6D6F64656C2E526F6C65DAE1097F426EB5220200034C0002696471007E003D4C00046E616D6571007E000E4C000B7065726D697373696F6E7371007E0008787071007E004771007E00107371007E004100FFFFFFFF0000010071007E004771007E004D74002B636F6D2E68756E672E6F617574687365727665722E6D6F64656C2E526F6C652E7065726D697373696F6E73707371007E000B0000000477040000000473720025636F6D2E68756E672E6F617574687365727665722E6D6F64656C2E5065726D697373696F6E0A5EF31C6BE0DED30200024C0002696471007E003D4C00046E616D6571007E000E787071007E004771007E00127371007E00517371007E00450000000471007E00147371007E00517371007E00450000000271007E00167371007E00517371007E00450000000371007E0018787371007E000B0000000477040000000471007E005271007E005371007E005571007E00577870787371007E000B0000000177040000000171007E004D787071007E0049);
INSERT INTO `oauth_refresh_token` VALUES ('9d55ff26ea965937827f15bb545cdf8e', 0xACED00057372004C6F72672E737072696E676672616D65776F726B2E73656375726974792E6F61757468322E636F6D6D6F6E2E44656661756C744578706972696E674F417574683252656672657368546F6B656E2FDF47639DD0C9B70200014C000A65787069726174696F6E7400104C6A6176612F7574696C2F446174653B787200446F72672E737072696E676672616D65776F726B2E73656375726974792E6F61757468322E636F6D6D6F6E2E44656661756C744F417574683252656672657368546F6B656E73E10E0A6354D45E0200014C000576616C75657400124C6A6176612F6C616E672F537472696E673B787074030B65794A68624763694F694A53557A49314E694973496E523563434936496B705856434A392E65794A68645751694F6C7369634746356257567564434973496D6C75646D56756447397965534A644C434A316332567958323568625755694F694A72636D6C7A61434973496E4E6A6233426C496A7062496C4A46515551694C434A58556B6C5552534A644C434A6864476B694F6949344D546B31596A6B335A4330784E6D466A4C54517A5A4463744F574E6B4F43316A4F546B314F44686C4F44466C5A444D694C434A6C654841694F6A45324D7A45314D5467304E7A4573496D463164476876636D6C306157567A496A7062496C4A505445566659575274615734694C434A6B5A57786C6447566663484A765A6D6C735A534973496E56775A4746305A563977636D396D6157786C49697769636D56685A463977636D396D6157786C4969776959334A6C5958526C5833427962325A706247556958537769616E5270496A6F694D54466C4F574D794E4455744E6A4179597930304D32526D4C54686C4E4451744E7A5A6D4F4746684D44526A5A6A513249697769593278705A57353058326C6B496A6F69625739696157786C496E302E687633387476476641314D5535444E6F306D5F6F546E454B545F37733658463872684A363043495849506374674A30536C6133704D45476F6A46716D7A512D4171445037524162666F54556F76506A46716B7855686561726C5864677A6B486563706F4F493033724F5A4B356F5F326F3650432D34516C56755A74744A46346772784D47394E6148426776477673394357654A7148767A6E4B436664616B4F64516831306161624D7A73464132666267334F50635878326F61736E6E67356F6B586D31756C6D417331364A69735A433042656657574E5367667449696C75357064707634414D4476726F48544A723973535F5067654173473877733974355730627A5271726A726A6A39724B6B346E494C3772466664686B51575250412D65564E5A636E62597833377952333847795672714E6939326172475036592D47464E305159457157314955494E36752D586A685535756D777372000E6A6176612E7574696C2E44617465686A81014B597419030000787077080000017BDE14349378, 0xACED0005737200416F72672E737072696E676672616D65776F726B2E73656375726974792E6F61757468322E70726F76696465722E4F417574683241757468656E7469636174696F6EBD400B02166252130200024C000D73746F7265645265717565737474003C4C6F72672F737072696E676672616D65776F726B2F73656375726974792F6F61757468322F70726F76696465722F4F4175746832526571756573743B4C00127573657241757468656E7469636174696F6E7400324C6F72672F737072696E676672616D65776F726B2F73656375726974792F636F72652F41757468656E7469636174696F6E3B787200476F72672E737072696E676672616D65776F726B2E73656375726974792E61757468656E7469636174696F6E2E416273747261637441757468656E7469636174696F6E546F6B656ED3AA287E6E47640E0200035A000D61757468656E746963617465644C000B617574686F7269746965737400164C6A6176612F7574696C2F436F6C6C656374696F6E3B4C000764657461696C737400124C6A6176612F6C616E672F4F626A6563743B787000737200266A6176612E7574696C2E436F6C6C656374696F6E7324556E6D6F6469666961626C654C697374FC0F2531B5EC8E100200014C00046C6973747400104C6A6176612F7574696C2F4C6973743B7872002C6A6176612E7574696C2E436F6C6C656374696F6E7324556E6D6F6469666961626C65436F6C6C656374696F6E19420080CB5EF71E0200014C00016371007E00047870737200136A6176612E7574696C2E41727261794C6973747881D21D99C7619D03000149000473697A65787000000005770400000005737200426F72672E737072696E676672616D65776F726B2E73656375726974792E636F72652E617574686F726974792E53696D706C654772616E746564417574686F7269747900000000000002120200014C0004726F6C657400124C6A6176612F6C616E672F537472696E673B787074000A524F4C455F61646D696E7371007E000D74000E6372656174655F70726F66696C657371007E000D74000E64656C6574655F70726F66696C657371007E000D74000C726561645F70726F66696C657371007E000D74000E7570646174655F70726F66696C657871007E000C707372003A6F72672E737072696E676672616D65776F726B2E73656375726974792E6F61757468322E70726F76696465722E4F41757468325265717565737400000000000000010200075A0008617070726F7665644C000B617574686F72697469657371007E00044C000A657874656E73696F6E7374000F4C6A6176612F7574696C2F4D61703B4C000B726564697265637455726971007E000E4C00077265667265736874003B4C6F72672F737072696E676672616D65776F726B2F73656375726974792F6F61757468322F70726F76696465722F546F6B656E526571756573743B4C000B7265736F7572636549647374000F4C6A6176612F7574696C2F5365743B4C000D726573706F6E7365547970657371007E001C787200386F72672E737072696E676672616D65776F726B2E73656375726974792E6F61757468322E70726F76696465722E426173655265717565737436287A3EA37169BD0200034C0008636C69656E74496471007E000E4C001172657175657374506172616D657465727371007E001A4C000573636F706571007E001C78707400066D6F62696C65737200256A6176612E7574696C2E436F6C6C656374696F6E7324556E6D6F6469666961626C654D6170F1A5A8FE74F507420200014C00016D71007E001A7870737200116A6176612E7574696C2E486173684D61700507DAC1C31660D103000246000A6C6F6164466163746F724900097468726573686F6C6478703F400000000000037708000000040000000274000A6772616E745F7479706574000870617373776F7264740008757365726E616D657400056B7269736878737200256A6176612E7574696C2E436F6C6C656374696F6E7324556E6D6F6469666961626C65536574801D92D18F9B80550200007871007E0009737200176A6176612E7574696C2E4C696E6B656448617368536574D86CD75A95DD2A1E020000787200116A6176612E7574696C2E48617368536574BA44859596B8B7340300007870770C000000103F4000000000000274000452454144740005575249544578017371007E002B770C000000103F40000000000000787371007E00223F40000000000000770800000010000000007870707371007E002B770C000000103F400000000000027400077061796D656E74740009696E76656E746F7279787371007E002B770C000000103F40000000000000787372004F6F72672E737072696E676672616D65776F726B2E73656375726974792E61757468656E7469636174696F6E2E557365726E616D6550617373776F726441757468656E7469636174696F6E546F6B656E00000000000002120200024C000B63726564656E7469616C7371007E00054C00097072696E636970616C71007E00057871007E0003017371007E00077371007E000B0000000577040000000571007E000F71007E001171007E001371007E001571007E00177871007E0038737200176A6176612E7574696C2E4C696E6B6564486173684D617034C04E5C106CC0FB0200015A000B6163636573734F726465727871007E00223F400000000000067708000000080000000271007E002471007E002571007E002671007E002778007073720029636F6D2E68756E672E6F617574687365727665722E6D6F64656C2E417574685573657244657461696C1143EA235A6E3C0F0200007872001F636F6D2E68756E672E6F617574687365727665722E6D6F64656C2E5573657273819D3AB432069B0200095A00116163636F756E744E6F6E457870697265645A00106163636F756E744E6F6E4C6F636B65645A001563726564656E7469616C734E6F6E457870697265645A0007656E61626C65644C0005656D61696C71007E000E4C000269647400134C6A6176612F6C616E672F496E74656765723B4C000870617373776F726471007E000E4C0005726F6C657371007E00084C0008757365726E616D6571007E000E7870010101017400106B406B72697368616E7468612E636F6D7074003C24326124313224796D5061335049395968434E4E3664725769466C78754235652F6F5573657774482F6F2F39305750737376507138583556776A79437372002F6F72672E68696265726E6174652E636F6C6C656374696F6E2E696E7465726E616C2E50657273697374656E74426167FE57C5AFDA4FA6440200024C000362616771007E00084C001270726F7669646564436F6C6C656374696F6E71007E00047872003E6F72672E68696265726E6174652E636F6C6C656374696F6E2E696E7465726E616C2E416273747261637450657273697374656E74436F6C6C656374696F6E5718B75D8ABA735402000B5A001B616C6C6F774C6F61644F7574736964655472616E73616374696F6E49000A63616368656453697A655A000564697274795A000E656C656D656E7452656D6F7665645A000B696E697469616C697A65645A000D697354656D7053657373696F6E4C00036B65797400164C6A6176612F696F2F53657269616C697A61626C653B4C00056F776E657271007E00054C0004726F6C6571007E000E4C001273657373696F6E466163746F72795575696471007E000E4C000E73746F726564536E617073686F7471007E0043787000FFFFFFFF00000100737200116A6176612E6C616E672E496E746567657212E2A0A4F781873802000149000576616C7565787200106A6176612E6C616E672E4E756D62657286AC951D0B94E08B0200007870000000017371007E003C0101010171007E003F71007E004771007E004071007E00447400056B72697368740025636F6D2E68756E672E6F617574687365727665722E6D6F64656C2E557365722E726F6C6573707371007E000B000000017704000000017372001F636F6D2E68756E672E6F617574687365727665722E6D6F64656C2E526F6C65DAE1097F426EB5220200034C0002696471007E003D4C00046E616D6571007E000E4C000B7065726D697373696F6E7371007E0008787071007E004771007E00107371007E004100FFFFFFFF0000010071007E004771007E004D74002B636F6D2E68756E672E6F617574687365727665722E6D6F64656C2E526F6C652E7065726D697373696F6E73707371007E000B0000000477040000000473720025636F6D2E68756E672E6F617574687365727665722E6D6F64656C2E5065726D697373696F6E0A5EF31C6BE0DED30200024C0002696471007E003D4C00046E616D6571007E000E787071007E004771007E00127371007E00517371007E00450000000471007E00147371007E00517371007E00450000000271007E00167371007E00517371007E00450000000371007E0018787371007E000B0000000477040000000471007E005271007E005371007E005571007E00577870787371007E000B0000000177040000000171007E004D787071007E0049);
INSERT INTO `oauth_refresh_token` VALUES ('6d506dc74d3f0b04b7c4be39e734c343', 0xACED00057372004C6F72672E737072696E676672616D65776F726B2E73656375726974792E6F61757468322E636F6D6D6F6E2E44656661756C744578706972696E674F417574683252656672657368546F6B656E2FDF47639DD0C9B70200014C000A65787069726174696F6E7400104C6A6176612F7574696C2F446174653B787200446F72672E737072696E676672616D65776F726B2E73656375726974792E6F61757468322E636F6D6D6F6E2E44656661756C744F417574683252656672657368546F6B656E73E10E0A6354D45E0200014C000576616C75657400124C6A6176612F6C616E672F537472696E673B787074030B65794A68624763694F694A53557A49314E694973496E523563434936496B705856434A392E65794A68645751694F6C7369634746356257567564434973496D6C75646D56756447397965534A644C434A316332567958323568625755694F694A72636D6C7A61434973496E4E6A6233426C496A7062496C4A46515551694C434A58556B6C5552534A644C434A6864476B694F6949784E4463794D6A6C695A5330794D7A67314C545133596A4974596D566A4D4330784E32597A4F44646D596A45774D6A41694C434A6C654841694F6A45324D7A45314D5467344E7A5573496D463164476876636D6C306157567A496A7062496C4A505445566659575274615734694C434A6B5A57786C6447566663484A765A6D6C735A534973496E56775A4746305A563977636D396D6157786C49697769636D56685A463977636D396D6157786C4969776959334A6C5958526C5833427962325A706247556958537769616E5270496A6F69597A6B35597A426A595449744E6A4E6B59533030597A566B4C5745334D5759744E6D55344E4745784D324E6C4E57553049697769593278705A57353058326C6B496A6F69625739696157786C496E302E687154316D486E336B386E516D3174626845434E4C447369476B635549495971536A79533741674B456A6976446F4179586153617069585A67383566646E546E4A426B3051424B625743797949674D395774426C663848705639745137684D5A42637A42504C666831354F72726F526762664A784E654D6C697A3165636C704B7366513055357A4B454557754C4C7576796565346231424E4D4A74394968496D325551476C54426B5762724D656A61564D4A5F4159614352544D7A50474B32783839456A5158344A6578754B4C4267424E693479594F4835536B74643335304F3477384359624D6C795630694C316F6171337941794B514F38395171656C43464F6A475456524C357579586677764C2D6A6A4E6C6A4E5A456C7334795F556C5A5553575F75506A5A47626D5A584751314F6F506944487A56774E333646787A49717A69384D56356F5771364D653871354D70646C53517372000E6A6176612E7574696C2E44617465686A81014B597419030000787077080000017BDE1A5E6078, 0xACED0005737200416F72672E737072696E676672616D65776F726B2E73656375726974792E6F61757468322E70726F76696465722E4F417574683241757468656E7469636174696F6EBD400B02166252130200024C000D73746F7265645265717565737474003C4C6F72672F737072696E676672616D65776F726B2F73656375726974792F6F61757468322F70726F76696465722F4F4175746832526571756573743B4C00127573657241757468656E7469636174696F6E7400324C6F72672F737072696E676672616D65776F726B2F73656375726974792F636F72652F41757468656E7469636174696F6E3B787200476F72672E737072696E676672616D65776F726B2E73656375726974792E61757468656E7469636174696F6E2E416273747261637441757468656E7469636174696F6E546F6B656ED3AA287E6E47640E0200035A000D61757468656E746963617465644C000B617574686F7269746965737400164C6A6176612F7574696C2F436F6C6C656374696F6E3B4C000764657461696C737400124C6A6176612F6C616E672F4F626A6563743B787000737200266A6176612E7574696C2E436F6C6C656374696F6E7324556E6D6F6469666961626C654C697374FC0F2531B5EC8E100200014C00046C6973747400104C6A6176612F7574696C2F4C6973743B7872002C6A6176612E7574696C2E436F6C6C656374696F6E7324556E6D6F6469666961626C65436F6C6C656374696F6E19420080CB5EF71E0200014C00016371007E00047870737200136A6176612E7574696C2E41727261794C6973747881D21D99C7619D03000149000473697A65787000000005770400000005737200426F72672E737072696E676672616D65776F726B2E73656375726974792E636F72652E617574686F726974792E53696D706C654772616E746564417574686F7269747900000000000002120200014C0004726F6C657400124C6A6176612F6C616E672F537472696E673B787074000A524F4C455F61646D696E7371007E000D74000E6372656174655F70726F66696C657371007E000D74000E64656C6574655F70726F66696C657371007E000D74000C726561645F70726F66696C657371007E000D74000E7570646174655F70726F66696C657871007E000C707372003A6F72672E737072696E676672616D65776F726B2E73656375726974792E6F61757468322E70726F76696465722E4F41757468325265717565737400000000000000010200075A0008617070726F7665644C000B617574686F72697469657371007E00044C000A657874656E73696F6E7374000F4C6A6176612F7574696C2F4D61703B4C000B726564697265637455726971007E000E4C00077265667265736874003B4C6F72672F737072696E676672616D65776F726B2F73656375726974792F6F61757468322F70726F76696465722F546F6B656E526571756573743B4C000B7265736F7572636549647374000F4C6A6176612F7574696C2F5365743B4C000D726573706F6E7365547970657371007E001C787200386F72672E737072696E676672616D65776F726B2E73656375726974792E6F61757468322E70726F76696465722E426173655265717565737436287A3EA37169BD0200034C0008636C69656E74496471007E000E4C001172657175657374506172616D657465727371007E001A4C000573636F706571007E001C78707400066D6F62696C65737200256A6176612E7574696C2E436F6C6C656374696F6E7324556E6D6F6469666961626C654D6170F1A5A8FE74F507420200014C00016D71007E001A7870737200116A6176612E7574696C2E486173684D61700507DAC1C31660D103000246000A6C6F6164466163746F724900097468726573686F6C6478703F400000000000037708000000040000000274000A6772616E745F7479706574000870617373776F7264740008757365726E616D657400056B7269736878737200256A6176612E7574696C2E436F6C6C656374696F6E7324556E6D6F6469666961626C65536574801D92D18F9B80550200007871007E0009737200176A6176612E7574696C2E4C696E6B656448617368536574D86CD75A95DD2A1E020000787200116A6176612E7574696C2E48617368536574BA44859596B8B7340300007870770C000000103F4000000000000274000452454144740005575249544578017371007E002B770C000000103F40000000000000787371007E00223F40000000000000770800000010000000007870707371007E002B770C000000103F400000000000027400077061796D656E74740009696E76656E746F7279787371007E002B770C000000103F40000000000000787372004F6F72672E737072696E676672616D65776F726B2E73656375726974792E61757468656E7469636174696F6E2E557365726E616D6550617373776F726441757468656E7469636174696F6E546F6B656E00000000000002120200024C000B63726564656E7469616C7371007E00054C00097072696E636970616C71007E00057871007E0003017371007E00077371007E000B0000000577040000000571007E000F71007E001171007E001371007E001571007E00177871007E0038737200176A6176612E7574696C2E4C696E6B6564486173684D617034C04E5C106CC0FB0200015A000B6163636573734F726465727871007E00223F400000000000067708000000080000000271007E002471007E002571007E002671007E002778007073720029636F6D2E68756E672E6F617574687365727665722E6D6F64656C2E417574685573657244657461696C1143EA235A6E3C0F0200007872001F636F6D2E68756E672E6F617574687365727665722E6D6F64656C2E5573657273819D3AB432069B0200095A00116163636F756E744E6F6E457870697265645A00106163636F756E744E6F6E4C6F636B65645A001563726564656E7469616C734E6F6E457870697265645A0007656E61626C65644C0005656D61696C71007E000E4C000269647400134C6A6176612F6C616E672F496E74656765723B4C000870617373776F726471007E000E4C0005726F6C657371007E00084C0008757365726E616D6571007E000E7870010101017400106B406B72697368616E7468612E636F6D7074003C24326124313224796D5061335049395968434E4E3664725769466C78754235652F6F5573657774482F6F2F39305750737376507138583556776A79437372002F6F72672E68696265726E6174652E636F6C6C656374696F6E2E696E7465726E616C2E50657273697374656E74426167FE57C5AFDA4FA6440200024C000362616771007E00084C001270726F7669646564436F6C6C656374696F6E71007E00047872003E6F72672E68696265726E6174652E636F6C6C656374696F6E2E696E7465726E616C2E416273747261637450657273697374656E74436F6C6C656374696F6E5718B75D8ABA735402000B5A001B616C6C6F774C6F61644F7574736964655472616E73616374696F6E49000A63616368656453697A655A000564697274795A000E656C656D656E7452656D6F7665645A000B696E697469616C697A65645A000D697354656D7053657373696F6E4C00036B65797400164C6A6176612F696F2F53657269616C697A61626C653B4C00056F776E657271007E00054C0004726F6C6571007E000E4C001273657373696F6E466163746F72795575696471007E000E4C000E73746F726564536E617073686F7471007E0043787000FFFFFFFF00000100737200116A6176612E6C616E672E496E746567657212E2A0A4F781873802000149000576616C7565787200106A6176612E6C616E672E4E756D62657286AC951D0B94E08B0200007870000000017371007E003C0101010171007E003F71007E004771007E004071007E00447400056B72697368740025636F6D2E68756E672E6F617574687365727665722E6D6F64656C2E557365722E726F6C6573707371007E000B000000017704000000017372001F636F6D2E68756E672E6F617574687365727665722E6D6F64656C2E526F6C65DAE1097F426EB5220200034C0002696471007E003D4C00046E616D6571007E000E4C000B7065726D697373696F6E7371007E0008787071007E004771007E00107371007E004100FFFFFFFF0000010071007E004771007E004D74002B636F6D2E68756E672E6F617574687365727665722E6D6F64656C2E526F6C652E7065726D697373696F6E73707371007E000B0000000477040000000473720025636F6D2E68756E672E6F617574687365727665722E6D6F64656C2E5065726D697373696F6E0A5EF31C6BE0DED30200024C0002696471007E003D4C00046E616D6571007E000E787071007E004771007E00127371007E00517371007E00450000000471007E00147371007E00517371007E00450000000271007E00167371007E00517371007E00450000000371007E0018787371007E000B0000000477040000000471007E005271007E005371007E005571007E00577870787371007E000B0000000177040000000171007E004D787071007E0049);
INSERT INTO `oauth_refresh_token` VALUES ('6a6324973fb9be7e31077201c69916f1', 0xACED00057372004C6F72672E737072696E676672616D65776F726B2E73656375726974792E6F61757468322E636F6D6D6F6E2E44656661756C744578706972696E674F417574683252656672657368546F6B656E2FDF47639DD0C9B70200014C000A65787069726174696F6E7400104C6A6176612F7574696C2F446174653B787200446F72672E737072696E676672616D65776F726B2E73656375726974792E6F61757468322E636F6D6D6F6E2E44656661756C744F417574683252656672657368546F6B656E73E10E0A6354D45E0200014C000576616C75657400124C6A6176612F6C616E672F537472696E673B787074002432623136396165312D313164612D346135622D613561632D3730653332336366633030667372000E6A6176612E7574696C2E44617465686A81014B597419030000787077080000017BDE270C9A78, 0xACED0005737200416F72672E737072696E676672616D65776F726B2E73656375726974792E6F61757468322E70726F76696465722E4F417574683241757468656E7469636174696F6EBD400B02166252130200024C000D73746F7265645265717565737474003C4C6F72672F737072696E676672616D65776F726B2F73656375726974792F6F61757468322F70726F76696465722F4F4175746832526571756573743B4C00127573657241757468656E7469636174696F6E7400324C6F72672F737072696E676672616D65776F726B2F73656375726974792F636F72652F41757468656E7469636174696F6E3B787200476F72672E737072696E676672616D65776F726B2E73656375726974792E61757468656E7469636174696F6E2E416273747261637441757468656E7469636174696F6E546F6B656ED3AA287E6E47640E0200035A000D61757468656E746963617465644C000B617574686F7269746965737400164C6A6176612F7574696C2F436F6C6C656374696F6E3B4C000764657461696C737400124C6A6176612F6C616E672F4F626A6563743B787000737200266A6176612E7574696C2E436F6C6C656374696F6E7324556E6D6F6469666961626C654C697374FC0F2531B5EC8E100200014C00046C6973747400104C6A6176612F7574696C2F4C6973743B7872002C6A6176612E7574696C2E436F6C6C656374696F6E7324556E6D6F6469666961626C65436F6C6C656374696F6E19420080CB5EF71E0200014C00016371007E00047870737200136A6176612E7574696C2E41727261794C6973747881D21D99C7619D03000149000473697A65787000000005770400000005737200426F72672E737072696E676672616D65776F726B2E73656375726974792E636F72652E617574686F726974792E53696D706C654772616E746564417574686F7269747900000000000002120200014C0004726F6C657400124C6A6176612F6C616E672F537472696E673B787074000A524F4C455F61646D696E7371007E000D74000E6372656174655F70726F66696C657371007E000D74000E64656C6574655F70726F66696C657371007E000D74000C726561645F70726F66696C657371007E000D74000E7570646174655F70726F66696C657871007E000C707372003A6F72672E737072696E676672616D65776F726B2E73656375726974792E6F61757468322E70726F76696465722E4F41757468325265717565737400000000000000010200075A0008617070726F7665644C000B617574686F72697469657371007E00044C000A657874656E73696F6E7374000F4C6A6176612F7574696C2F4D61703B4C000B726564697265637455726971007E000E4C00077265667265736874003B4C6F72672F737072696E676672616D65776F726B2F73656375726974792F6F61757468322F70726F76696465722F546F6B656E526571756573743B4C000B7265736F7572636549647374000F4C6A6176612F7574696C2F5365743B4C000D726573706F6E7365547970657371007E001C787200386F72672E737072696E676672616D65776F726B2E73656375726974792E6F61757468322E70726F76696465722E426173655265717565737436287A3EA37169BD0200034C0008636C69656E74496471007E000E4C001172657175657374506172616D657465727371007E001A4C000573636F706571007E001C78707400066D6F62696C65737200256A6176612E7574696C2E436F6C6C656374696F6E7324556E6D6F6469666961626C654D6170F1A5A8FE74F507420200014C00016D71007E001A7870737200116A6176612E7574696C2E486173684D61700507DAC1C31660D103000246000A6C6F6164466163746F724900097468726573686F6C6478703F400000000000037708000000040000000274000A6772616E745F7479706574000870617373776F7264740008757365726E616D657400056B7269736878737200256A6176612E7574696C2E436F6C6C656374696F6E7324556E6D6F6469666961626C65536574801D92D18F9B80550200007871007E0009737200176A6176612E7574696C2E4C696E6B656448617368536574D86CD75A95DD2A1E020000787200116A6176612E7574696C2E48617368536574BA44859596B8B7340300007870770C000000103F4000000000000274000452454144740005575249544578017371007E002B770C000000103F40000000000000787371007E00223F40000000000000770800000010000000007870707371007E002B770C000000103F400000000000027400077061796D656E74740009696E76656E746F7279787371007E002B770C000000103F40000000000000787372004F6F72672E737072696E676672616D65776F726B2E73656375726974792E61757468656E7469636174696F6E2E557365726E616D6550617373776F726441757468656E7469636174696F6E546F6B656E00000000000002120200024C000B63726564656E7469616C7371007E00054C00097072696E636970616C71007E00057871007E0003017371007E00077371007E000B0000000577040000000571007E000F71007E001171007E001371007E001571007E00177871007E0038737200176A6176612E7574696C2E4C696E6B6564486173684D617034C04E5C106CC0FB0200015A000B6163636573734F726465727871007E00223F400000000000067708000000080000000271007E002471007E002571007E002671007E002778007073720029636F6D2E68756E672E6F617574687365727665722E6D6F64656C2E417574685573657244657461696C1143EA235A6E3C0F0200007872001F636F6D2E68756E672E6F617574687365727665722E6D6F64656C2E5573657273819D3AB432069B0200095A00116163636F756E744E6F6E457870697265645A00106163636F756E744E6F6E4C6F636B65645A001563726564656E7469616C734E6F6E457870697265645A0007656E61626C65644C0005656D61696C71007E000E4C000269647400134C6A6176612F6C616E672F496E74656765723B4C000870617373776F726471007E000E4C0005726F6C657371007E00084C0008757365726E616D6571007E000E7870010101017400106B406B72697368616E7468612E636F6D7074003C24326124313224796D5061335049395968434E4E3664725769466C78754235652F6F5573657774482F6F2F39305750737376507138583556776A79437372002F6F72672E68696265726E6174652E636F6C6C656374696F6E2E696E7465726E616C2E50657273697374656E74426167FE57C5AFDA4FA6440200024C000362616771007E00084C001270726F7669646564436F6C6C656374696F6E71007E00047872003E6F72672E68696265726E6174652E636F6C6C656374696F6E2E696E7465726E616C2E416273747261637450657273697374656E74436F6C6C656374696F6E5718B75D8ABA735402000B5A001B616C6C6F774C6F61644F7574736964655472616E73616374696F6E49000A63616368656453697A655A000564697274795A000E656C656D656E7452656D6F7665645A000B696E697469616C697A65645A000D697354656D7053657373696F6E4C00036B65797400164C6A6176612F696F2F53657269616C697A61626C653B4C00056F776E657271007E00054C0004726F6C6571007E000E4C001273657373696F6E466163746F72795575696471007E000E4C000E73746F726564536E617073686F7471007E0043787000FFFFFFFF00000100737200116A6176612E6C616E672E496E746567657212E2A0A4F781873802000149000576616C7565787200106A6176612E6C616E672E4E756D62657286AC951D0B94E08B0200007870000000017371007E003C0101010171007E003F71007E004771007E004071007E00447400056B72697368740025636F6D2E68756E672E6F617574687365727665722E6D6F64656C2E557365722E726F6C6573707371007E000B000000017704000000017372001F636F6D2E68756E672E6F617574687365727665722E6D6F64656C2E526F6C65DAE1097F426EB5220200034C0002696471007E003D4C00046E616D6571007E000E4C000B7065726D697373696F6E7371007E0008787071007E004771007E00107371007E004100FFFFFFFF0000010071007E004771007E004D74002B636F6D2E68756E672E6F617574687365727665722E6D6F64656C2E526F6C652E7065726D697373696F6E73707371007E000B0000000477040000000473720025636F6D2E68756E672E6F617574687365727665722E6D6F64656C2E5065726D697373696F6E0A5EF31C6BE0DED30200024C0002696471007E003D4C00046E616D6571007E000E787071007E004771007E00127371007E00517371007E00450000000471007E00147371007E00517371007E00450000000271007E00167371007E00517371007E00450000000371007E0018787371007E000B0000000477040000000471007E005271007E005371007E005571007E00577870787371007E000B0000000177040000000171007E004D787071007E0049);
INSERT INTO `oauth_refresh_token` VALUES ('2d885cd39664bfa0d6c989b60429fd81', 0xACED00057372004C6F72672E737072696E676672616D65776F726B2E73656375726974792E6F61757468322E636F6D6D6F6E2E44656661756C744578706972696E674F417574683252656672657368546F6B656E2FDF47639DD0C9B70200014C000A65787069726174696F6E7400104C6A6176612F7574696C2F446174653B787200446F72672E737072696E676672616D65776F726B2E73656375726974792E6F61757468322E636F6D6D6F6E2E44656661756C744F417574683252656672657368546F6B656E73E10E0A6354D45E0200014C000576616C75657400124C6A6176612F6C616E672F537472696E673B787074002463386330306435352D356336612D346632622D393235312D6633636433376365393732327372000E6A6176612E7574696C2E44617465686A81014B597419030000787077080000017BE85CE00E78, 0xACED0005737200416F72672E737072696E676672616D65776F726B2E73656375726974792E6F61757468322E70726F76696465722E4F417574683241757468656E7469636174696F6EBD400B02166252130200024C000D73746F7265645265717565737474003C4C6F72672F737072696E676672616D65776F726B2F73656375726974792F6F61757468322F70726F76696465722F4F4175746832526571756573743B4C00127573657241757468656E7469636174696F6E7400324C6F72672F737072696E676672616D65776F726B2F73656375726974792F636F72652F41757468656E7469636174696F6E3B787200476F72672E737072696E676672616D65776F726B2E73656375726974792E61757468656E7469636174696F6E2E416273747261637441757468656E7469636174696F6E546F6B656ED3AA287E6E47640E0200035A000D61757468656E746963617465644C000B617574686F7269746965737400164C6A6176612F7574696C2F436F6C6C656374696F6E3B4C000764657461696C737400124C6A6176612F6C616E672F4F626A6563743B787000737200266A6176612E7574696C2E436F6C6C656374696F6E7324556E6D6F6469666961626C654C697374FC0F2531B5EC8E100200014C00046C6973747400104C6A6176612F7574696C2F4C6973743B7872002C6A6176612E7574696C2E436F6C6C656374696F6E7324556E6D6F6469666961626C65436F6C6C656374696F6E19420080CB5EF71E0200014C00016371007E00047870737200136A6176612E7574696C2E41727261794C6973747881D21D99C7619D03000149000473697A65787000000005770400000005737200426F72672E737072696E676672616D65776F726B2E73656375726974792E636F72652E617574686F726974792E53696D706C654772616E746564417574686F7269747900000000000002120200014C0004726F6C657400124C6A6176612F6C616E672F537472696E673B787074000A524F4C455F61646D696E7371007E000D74000E6372656174655F70726F66696C657371007E000D74000E64656C6574655F70726F66696C657371007E000D74000C726561645F70726F66696C657371007E000D74000E7570646174655F70726F66696C657871007E000C707372003A6F72672E737072696E676672616D65776F726B2E73656375726974792E6F61757468322E70726F76696465722E4F41757468325265717565737400000000000000010200075A0008617070726F7665644C000B617574686F72697469657371007E00044C000A657874656E73696F6E7374000F4C6A6176612F7574696C2F4D61703B4C000B726564697265637455726971007E000E4C00077265667265736874003B4C6F72672F737072696E676672616D65776F726B2F73656375726974792F6F61757468322F70726F76696465722F546F6B656E526571756573743B4C000B7265736F7572636549647374000F4C6A6176612F7574696C2F5365743B4C000D726573706F6E7365547970657371007E001C787200386F72672E737072696E676672616D65776F726B2E73656375726974792E6F61757468322E70726F76696465722E426173655265717565737436287A3EA37169BD0200034C0008636C69656E74496471007E000E4C001172657175657374506172616D657465727371007E001A4C000573636F706571007E001C78707400066D6F62696C65737200256A6176612E7574696C2E436F6C6C656374696F6E7324556E6D6F6469666961626C654D6170F1A5A8FE74F507420200014C00016D71007E001A7870737200116A6176612E7574696C2E486173684D61700507DAC1C31660D103000246000A6C6F6164466163746F724900097468726573686F6C6478703F400000000000037708000000040000000274000A6772616E745F7479706574000870617373776F7264740008757365726E616D657400047465737478737200256A6176612E7574696C2E436F6C6C656374696F6E7324556E6D6F6469666961626C65536574801D92D18F9B80550200007871007E0009737200176A6176612E7574696C2E4C696E6B656448617368536574D86CD75A95DD2A1E020000787200116A6176612E7574696C2E48617368536574BA44859596B8B7340300007870770C000000103F4000000000000274000452454144740005575249544578017371007E002B770C000000103F40000000000000787371007E00223F40000000000000770800000010000000007870707371007E002B770C000000103F400000000000027400077061796D656E74740009696E76656E746F7279787371007E002B770C000000103F40000000000000787372004F6F72672E737072696E676672616D65776F726B2E73656375726974792E61757468656E7469636174696F6E2E557365726E616D6550617373776F726441757468656E7469636174696F6E546F6B656E00000000000002120200024C000B63726564656E7469616C7371007E00054C00097072696E636970616C71007E00057871007E0003017371007E00077371007E000B0000000577040000000571007E000F71007E001171007E001371007E001571007E00177871007E0038737200176A6176612E7574696C2E4C696E6B6564486173684D617034C04E5C106CC0FB0200015A000B6163636573734F726465727871007E00223F400000000000067708000000080000000271007E002471007E002571007E002671007E002778007073720029636F6D2E68756E672E6F617574687365727665722E6D6F64656C2E417574685573657244657461696C1143EA235A6E3C0F0200007872001F636F6D2E68756E672E6F617574687365727665722E6D6F64656C2E5573657273819D3AB432069B0200095A00116163636F756E744E6F6E457870697265645A00106163636F756E744E6F6E4C6F636B65645A001563726564656E7469616C734E6F6E457870697265645A0007656E61626C65644C0005656D61696C71007E000E4C000269647400134C6A6176612F6C616E672F496E74656765723B4C000870617373776F726471007E000E4C0005726F6C657371007E00084C0008757365726E616D6571007E000E7870010101017400106B406B72697368616E7468612E636F6D7074003C2432612431322436593876384A73564C4E4C565364415030697676654F7630713368676B73696545496C5675692F6849456C773572475739532F694F7372002F6F72672E68696265726E6174652E636F6C6C656374696F6E2E696E7465726E616C2E50657273697374656E74426167FE57C5AFDA4FA6440200024C000362616771007E00084C001270726F7669646564436F6C6C656374696F6E71007E00047872003E6F72672E68696265726E6174652E636F6C6C656374696F6E2E696E7465726E616C2E416273747261637450657273697374656E74436F6C6C656374696F6E5718B75D8ABA735402000B5A001B616C6C6F774C6F61644F7574736964655472616E73616374696F6E49000A63616368656453697A655A000564697274795A000E656C656D656E7452656D6F7665645A000B696E697469616C697A65645A000D697354656D7053657373696F6E4C00036B65797400164C6A6176612F696F2F53657269616C697A61626C653B4C00056F776E657271007E00054C0004726F6C6571007E000E4C001273657373696F6E466163746F72795575696471007E000E4C000E73746F726564536E617073686F7471007E0043787000FFFFFFFF00000100737200116A6176612E6C616E672E496E746567657212E2A0A4F781873802000149000576616C7565787200106A6176612E6C616E672E4E756D62657286AC951D0B94E08B0200007870000000017371007E003C0101010171007E003F71007E004771007E004071007E004474000474657374740025636F6D2E68756E672E6F617574687365727665722E6D6F64656C2E557365722E726F6C6573707371007E000B000000017704000000017372001F636F6D2E68756E672E6F617574687365727665722E6D6F64656C2E526F6C65DAE1097F426EB5220200034C0002696471007E003D4C00046E616D6571007E000E4C000B7065726D697373696F6E7371007E0008787071007E004771007E00107371007E004100FFFFFFFF0000010071007E004771007E004D74002B636F6D2E68756E672E6F617574687365727665722E6D6F64656C2E526F6C652E7065726D697373696F6E73707371007E000B0000000477040000000473720025636F6D2E68756E672E6F617574687365727665722E6D6F64656C2E5065726D697373696F6E0A5EF31C6BE0DED30200024C0002696471007E003D4C00046E616D6571007E000E787071007E004771007E00127371007E00517371007E00450000000471007E00147371007E00517371007E00450000000271007E00167371007E00517371007E00450000000371007E0018787371007E000B0000000477040000000471007E005271007E005371007E005571007E00577870787371007E000B0000000177040000000171007E004D787071007E0049);
INSERT INTO `oauth_refresh_token` VALUES ('7e860e7faaaebe9d5fa2cfdcf92cba25', 0xACED00057372004C6F72672E737072696E676672616D65776F726B2E73656375726974792E6F61757468322E636F6D6D6F6E2E44656661756C744578706972696E674F417574683252656672657368546F6B656E2FDF47639DD0C9B70200014C000A65787069726174696F6E7400104C6A6176612F7574696C2F446174653B787200446F72672E737072696E676672616D65776F726B2E73656375726974792E6F61757468322E636F6D6D6F6E2E44656661756C744F417574683252656672657368546F6B656E73E10E0A6354D45E0200014C000576616C75657400124C6A6176612F6C616E672F537472696E673B787074028B65794A68624763694F694A53557A49314E694973496E523563434936496B705856434A392E65794A68645751694F6C7369634746356257567564434973496D6C75646D56756447397965534A644C434A316332567958323568625755694F694A6F6457356E4969776963324E76634755694F6C7369556B564252434973496C645353565246496C3073496D463061534936496A67324F546B314D574A6D4C54526A5A5463744E445A6D595331684D6A55314C5463784E6D4A6C595464685A546C6B4F434973496D5634634349364D54597A4D5459354E7A41344D797769616E5270496A6F694F4459324E44566A4D4445744D444D354D6930304D57566A4C5745304F5749744F44457A4E4442695A4449784E47517A49697769593278705A57353058326C6B496A6F69625739696157786C496E302E44723932687A676547572D695A6142366576686645364571727148355A334B54544B326E6F455157585F7372357A6F5A7062304D753035466C323162746E5233546431546951545744397946324F4D4F743468494F7851635A775342565148484A423853773441777A4A4E5841585F51714D43484C6D4B502D776E61726C4F67544668384564496E316B6F4165364D684C635050447564517142576477435273786A7670436A657A4433716253566D7335473558677831425557665F6A687572636C79316452446377774776792D71392D5A7454326E4166306D5A59326557515466396262674A726E36657276744B4F704B534F757543736A4C5A5F4A6869354930423434395939436D64385A4F4842366C6E59564857507647597961654733306359624B314765473438396E4A3831646D5A347533596A79366F4D67776C784B687050613667555F532D383474666F5A4E56496C677372000E6A6176612E7574696C2E44617465686A81014B597419030000787077080000017BE8B99ACE78, 0xACED0005737200416F72672E737072696E676672616D65776F726B2E73656375726974792E6F61757468322E70726F76696465722E4F417574683241757468656E7469636174696F6EBD400B02166252130200024C000D73746F7265645265717565737474003C4C6F72672F737072696E676672616D65776F726B2F73656375726974792F6F61757468322F70726F76696465722F4F4175746832526571756573743B4C00127573657241757468656E7469636174696F6E7400324C6F72672F737072696E676672616D65776F726B2F73656375726974792F636F72652F41757468656E7469636174696F6E3B787200476F72672E737072696E676672616D65776F726B2E73656375726974792E61757468656E7469636174696F6E2E416273747261637441757468656E7469636174696F6E546F6B656ED3AA287E6E47640E0200035A000D61757468656E746963617465644C000B617574686F7269746965737400164C6A6176612F7574696C2F436F6C6C656374696F6E3B4C000764657461696C737400124C6A6176612F6C616E672F4F626A6563743B787000737200266A6176612E7574696C2E436F6C6C656374696F6E7324556E6D6F6469666961626C654C697374FC0F2531B5EC8E100200014C00046C6973747400104C6A6176612F7574696C2F4C6973743B7872002C6A6176612E7574696C2E436F6C6C656374696F6E7324556E6D6F6469666961626C65436F6C6C656374696F6E19420080CB5EF71E0200014C00016371007E00047870737200136A6176612E7574696C2E41727261794C6973747881D21D99C7619D03000149000473697A657870000000007704000000007871007E000C707372003A6F72672E737072696E676672616D65776F726B2E73656375726974792E6F61757468322E70726F76696465722E4F41757468325265717565737400000000000000010200075A0008617070726F7665644C000B617574686F72697469657371007E00044C000A657874656E73696F6E7374000F4C6A6176612F7574696C2F4D61703B4C000B72656469726563745572697400124C6A6176612F6C616E672F537472696E673B4C00077265667265736874003B4C6F72672F737072696E676672616D65776F726B2F73656375726974792F6F61757468322F70726F76696465722F546F6B656E526571756573743B4C000B7265736F7572636549647374000F4C6A6176612F7574696C2F5365743B4C000D726573706F6E7365547970657371007E0011787200386F72672E737072696E676672616D65776F726B2E73656375726974792E6F61757468322E70726F76696465722E426173655265717565737436287A3EA37169BD0200034C0008636C69656E74496471007E000F4C001172657175657374506172616D657465727371007E000E4C000573636F706571007E001178707400066D6F62696C65737200256A6176612E7574696C2E436F6C6C656374696F6E7324556E6D6F6469666961626C654D6170F1A5A8FE74F507420200014C00016D71007E000E7870737200116A6176612E7574696C2E486173684D61700507DAC1C31660D103000246000A6C6F6164466163746F724900097468726573686F6C6478703F400000000000037708000000040000000274000A6772616E745F7479706574000870617373776F7264740008757365726E616D6574000468756E6778737200256A6176612E7574696C2E436F6C6C656374696F6E7324556E6D6F6469666961626C65536574801D92D18F9B80550200007871007E0009737200176A6176612E7574696C2E4C696E6B656448617368536574D86CD75A95DD2A1E020000787200116A6176612E7574696C2E48617368536574BA44859596B8B7340300007870770C000000103F4000000000000274000452454144740005575249544578017371007E0020770C000000103F40000000000000787371007E00173F40000000000000770800000010000000007870707371007E0020770C000000103F400000000000027400077061796D656E74740009696E76656E746F7279787371007E0020770C000000103F40000000000000787372004F6F72672E737072696E676672616D65776F726B2E73656375726974792E61757468656E7469636174696F6E2E557365726E616D6550617373776F726441757468656E7469636174696F6E546F6B656E00000000000002120200024C000B63726564656E7469616C7371007E00054C00097072696E636970616C71007E00057871007E0003017371007E00077371007E000B000000007704000000007871007E002D737200176A6176612E7574696C2E4C696E6B6564486173684D617034C04E5C106CC0FB0200015A000B6163636573734F726465727871007E00173F400000000000067708000000080000000271007E001971007E001A71007E001B71007E001C78007073720029636F6D2E68756E672E6F617574687365727665722E6D6F64656C2E417574685573657244657461696C1143EA235A6E3C0F0200007872001F636F6D2E68756E672E6F617574687365727665722E6D6F64656C2E5573657273819D3AB432069B0200095A00116163636F756E744E6F6E457870697265645A00106163636F756E744E6F6E4C6F636B65645A001563726564656E7469616C734E6F6E457870697265645A0007656E61626C65644C0005656D61696C71007E000F4C000269647400134C6A6176612F6C616E672F496E74656765723B4C000870617373776F726471007E000F4C0005726F6C657371007E00084C0008757365726E616D6571007E000F7870010101017400106B406B72697368616E7468612E636F6D7074003C243261243132244B4B4D4A34627436706B416F38417467774C624F4B2E705976707A6F6762786133376E63523977687770417763374C37654E6778327372002F6F72672E68696265726E6174652E636F6C6C656374696F6E2E696E7465726E616C2E50657273697374656E74426167FE57C5AFDA4FA6440200024C000362616771007E00084C001270726F7669646564436F6C6C656374696F6E71007E00047872003E6F72672E68696265726E6174652E636F6C6C656374696F6E2E696E7465726E616C2E416273747261637450657273697374656E74436F6C6C656374696F6E5718B75D8ABA735402000B5A001B616C6C6F774C6F61644F7574736964655472616E73616374696F6E49000A63616368656453697A655A000564697274795A000E656C656D656E7452656D6F7665645A000B696E697469616C697A65645A000D697354656D7053657373696F6E4C00036B65797400164C6A6176612F696F2F53657269616C697A61626C653B4C00056F776E657271007E00054C0004726F6C6571007E000F4C001273657373696F6E466163746F72795575696471007E000F4C000E73746F726564536E617073686F7471007E0038787000FFFFFFFF00000100737200116A6176612E6C616E672E496E746567657212E2A0A4F781873802000149000576616C7565787200106A6176612E6C616E672E4E756D62657286AC951D0B94E08B0200007870000000037371007E00310101010171007E003471007E003C71007E003571007E003974000468756E67740025636F6D2E68756E672E6F617574687365727665722E6D6F64656C2E557365722E726F6C6573707371007E000B00000000770400000000787371007E000B00000000770400000000787071007E003E);
INSERT INTO `oauth_refresh_token` VALUES ('a3d2979a7da6dbdbc180b5a52e87f2dd', 0xACED00057372004C6F72672E737072696E676672616D65776F726B2E73656375726974792E6F61757468322E636F6D6D6F6E2E44656661756C744578706972696E674F417574683252656672657368546F6B656E2FDF47639DD0C9B70200014C000A65787069726174696F6E7400104C6A6176612F7574696C2F446174653B787200446F72672E737072696E676672616D65776F726B2E73656375726974792E6F61757468322E636F6D6D6F6E2E44656661756C744F417574683252656672657368546F6B656E73E10E0A6354D45E0200014C000576616C75657400124C6A6176612F6C616E672F537472696E673B787074028B65794A68624763694F694A53557A49314E694973496E523563434936496B705856434A392E65794A68645751694F6C7369634746356257567564434973496D6C75646D56756447397965534A644C434A316332567958323568625755694F694A6F6457356E4969776963324E76634755694F6C7369556B564252434973496C645353565246496C3073496D463061534936496A4E694E47526D5A575A694C5459305A5745744E474D3459693169597A646B4C5459795A4451314D6A4E6D597A557A5A434973496D5634634349364D54597A4D5463774E5455334E697769616E5270496A6F69595445774D54597A4D6A4D745A6A55344D4330304D57597A4C546C694F5451745A474D354E4759774F5745315A6D493249697769593278705A57353058326C6B496A6F69625739696157786C496E302E6A3957464447486E61786A756B4938466F4466543753454D4344462D5369767A6570544B4A6B375A414B74784B6F42766756476347586A526C6C614C685F3752364B4D473052316633523147566737534B4E496C36356D2D554B4D436D423443473764325635683642496E596E38517A6F6C55466441794654355550444B30494465483673307A596F4969665366476257327A524A6D49525A547637357A306D76725F6752784D5055614C5634634D74724933774448464C5049304D306A7275762D766E6A426D526D54306F39466B463832505A594E61553334767A4D794868693176546C74367735434C786737535F4D2D6A68684E4F4655456E774B667945645136576959644A52464F5645645F674E6F767A3349375F4C746B6B46686466707065386B6341507736475F4C6C447A78494A6B61516C503551705A675751783453564D484C4F754E466B33596673544D33692D64777372000E6A6176612E7574696C2E44617465686A81014B597419030000787077080000017BE93B34C578, 0xACED0005737200416F72672E737072696E676672616D65776F726B2E73656375726974792E6F61757468322E70726F76696465722E4F417574683241757468656E7469636174696F6EBD400B02166252130200024C000D73746F7265645265717565737474003C4C6F72672F737072696E676672616D65776F726B2F73656375726974792F6F61757468322F70726F76696465722F4F4175746832526571756573743B4C00127573657241757468656E7469636174696F6E7400324C6F72672F737072696E676672616D65776F726B2F73656375726974792F636F72652F41757468656E7469636174696F6E3B787200476F72672E737072696E676672616D65776F726B2E73656375726974792E61757468656E7469636174696F6E2E416273747261637441757468656E7469636174696F6E546F6B656ED3AA287E6E47640E0200035A000D61757468656E746963617465644C000B617574686F7269746965737400164C6A6176612F7574696C2F436F6C6C656374696F6E3B4C000764657461696C737400124C6A6176612F6C616E672F4F626A6563743B787000737200266A6176612E7574696C2E436F6C6C656374696F6E7324556E6D6F6469666961626C654C697374FC0F2531B5EC8E100200014C00046C6973747400104C6A6176612F7574696C2F4C6973743B7872002C6A6176612E7574696C2E436F6C6C656374696F6E7324556E6D6F6469666961626C65436F6C6C656374696F6E19420080CB5EF71E0200014C00016371007E00047870737200136A6176612E7574696C2E41727261794C6973747881D21D99C7619D03000149000473697A657870000000007704000000007871007E000C707372003A6F72672E737072696E676672616D65776F726B2E73656375726974792E6F61757468322E70726F76696465722E4F41757468325265717565737400000000000000010200075A0008617070726F7665644C000B617574686F72697469657371007E00044C000A657874656E73696F6E7374000F4C6A6176612F7574696C2F4D61703B4C000B72656469726563745572697400124C6A6176612F6C616E672F537472696E673B4C00077265667265736874003B4C6F72672F737072696E676672616D65776F726B2F73656375726974792F6F61757468322F70726F76696465722F546F6B656E526571756573743B4C000B7265736F7572636549647374000F4C6A6176612F7574696C2F5365743B4C000D726573706F6E7365547970657371007E0011787200386F72672E737072696E676672616D65776F726B2E73656375726974792E6F61757468322E70726F76696465722E426173655265717565737436287A3EA37169BD0200034C0008636C69656E74496471007E000F4C001172657175657374506172616D657465727371007E000E4C000573636F706571007E001178707400066D6F62696C65737200256A6176612E7574696C2E436F6C6C656374696F6E7324556E6D6F6469666961626C654D6170F1A5A8FE74F507420200014C00016D71007E000E7870737200116A6176612E7574696C2E486173684D61700507DAC1C31660D103000246000A6C6F6164466163746F724900097468726573686F6C6478703F400000000000037708000000040000000274000A6772616E745F7479706574000870617373776F7264740008757365726E616D6574000468756E6778737200256A6176612E7574696C2E436F6C6C656374696F6E7324556E6D6F6469666961626C65536574801D92D18F9B80550200007871007E0009737200176A6176612E7574696C2E4C696E6B656448617368536574D86CD75A95DD2A1E020000787200116A6176612E7574696C2E48617368536574BA44859596B8B7340300007870770C000000103F4000000000000274000452454144740005575249544578017371007E0020770C000000103F40000000000000787371007E00173F40000000000000770800000010000000007870707371007E0020770C000000103F400000000000027400077061796D656E74740009696E76656E746F7279787371007E0020770C000000103F40000000000000787372004F6F72672E737072696E676672616D65776F726B2E73656375726974792E61757468656E7469636174696F6E2E557365726E616D6550617373776F726441757468656E7469636174696F6E546F6B656E00000000000002120200024C000B63726564656E7469616C7371007E00054C00097072696E636970616C71007E00057871007E0003017371007E00077371007E000B000000007704000000007871007E002D737200176A6176612E7574696C2E4C696E6B6564486173684D617034C04E5C106CC0FB0200015A000B6163636573734F726465727871007E00173F400000000000067708000000080000000271007E001971007E001A71007E001B71007E001C78007073720029636F6D2E68756E672E6F617574687365727665722E6D6F64656C2E417574685573657244657461696C1143EA235A6E3C0F0200007872001F636F6D2E68756E672E6F617574687365727665722E6D6F64656C2E5573657273819D3AB432069B0200095A00116163636F756E744E6F6E457870697265645A00106163636F756E744E6F6E4C6F636B65645A001563726564656E7469616C734E6F6E457870697265645A0007656E61626C65644C0005656D61696C71007E000F4C000269647400134C6A6176612F6C616E672F496E74656765723B4C000870617373776F726471007E000F4C0005726F6C657371007E00084C0008757365726E616D6571007E000F7870010101017400106B406B72697368616E7468612E636F6D7074003C243261243132244B4B4D4A34627436706B416F38417467774C624F4B2E705976707A6F6762786133376E63523977687770417763374C37654E6778327372002F6F72672E68696265726E6174652E636F6C6C656374696F6E2E696E7465726E616C2E50657273697374656E74426167FE57C5AFDA4FA6440200024C000362616771007E00084C001270726F7669646564436F6C6C656374696F6E71007E00047872003E6F72672E68696265726E6174652E636F6C6C656374696F6E2E696E7465726E616C2E416273747261637450657273697374656E74436F6C6C656374696F6E5718B75D8ABA735402000B5A001B616C6C6F774C6F61644F7574736964655472616E73616374696F6E49000A63616368656453697A655A000564697274795A000E656C656D656E7452656D6F7665645A000B696E697469616C697A65645A000D697354656D7053657373696F6E4C00036B65797400164C6A6176612F696F2F53657269616C697A61626C653B4C00056F776E657271007E00054C0004726F6C6571007E000F4C001273657373696F6E466163746F72795575696471007E000F4C000E73746F726564536E617073686F7471007E0038787000FFFFFFFF00000100737200116A6176612E6C616E672E496E746567657212E2A0A4F781873802000149000576616C7565787200106A6176612E6C616E672E4E756D62657286AC951D0B94E08B0200007870000000037371007E00310101010171007E003471007E003C71007E003571007E003974000468756E67740025636F6D2E68756E672E6F617574687365727665722E6D6F64656C2E557365722E726F6C6573707371007E000B00000000770400000000787371007E000B00000000770400000000787071007E003E);

-- ----------------------------
-- Table structure for permission
-- ----------------------------
DROP TABLE IF EXISTS `permission`;
CREATE TABLE `permission`  (
  `id` int(0) NOT NULL AUTO_INCREMENT,
  `name` varchar(512) CHARACTER SET utf8 COLLATE utf8_general_ci NULL DEFAULT NULL,
  PRIMARY KEY (`id`) USING BTREE,
  UNIQUE INDEX `name`(`name`) USING BTREE
) ENGINE = InnoDB AUTO_INCREMENT = 5 CHARACTER SET = utf8 COLLATE = utf8_general_ci ROW_FORMAT = Dynamic;

-- ----------------------------
-- Records of permission
-- ----------------------------
INSERT INTO `permission` VALUES (1, 'create_profile');
INSERT INTO `permission` VALUES (4, 'delete_profile');
INSERT INTO `permission` VALUES (2, 'read_profile');
INSERT INTO `permission` VALUES (3, 'update_profile');

-- ----------------------------
-- Table structure for permission_role
-- ----------------------------
DROP TABLE IF EXISTS `permission_role`;
CREATE TABLE `permission_role`  (
  `permission_id` int(0) NULL DEFAULT NULL,
  `role_id` int(0) NULL DEFAULT NULL,
  INDEX `permission_id`(`permission_id`) USING BTREE,
  INDEX `role_id`(`role_id`) USING BTREE,
  CONSTRAINT `permission_role_ibfk_1` FOREIGN KEY (`permission_id`) REFERENCES `permission` (`id`) ON DELETE RESTRICT ON UPDATE RESTRICT,
  CONSTRAINT `permission_role_ibfk_2` FOREIGN KEY (`role_id`) REFERENCES `role` (`id`) ON DELETE RESTRICT ON UPDATE RESTRICT
) ENGINE = InnoDB CHARACTER SET = utf8 COLLATE = utf8_general_ci ROW_FORMAT = Dynamic;

-- ----------------------------
-- Records of permission_role
-- ----------------------------
INSERT INTO `permission_role` VALUES (1, 1);
INSERT INTO `permission_role` VALUES (2, 1);
INSERT INTO `permission_role` VALUES (3, 1);
INSERT INTO `permission_role` VALUES (4, 1);
INSERT INTO `permission_role` VALUES (2, 2);
INSERT INTO `permission_role` VALUES (3, 2);

-- ----------------------------
-- Table structure for role
-- ----------------------------
DROP TABLE IF EXISTS `role`;
CREATE TABLE `role`  (
  `id` int(0) NOT NULL AUTO_INCREMENT,
  `name` varchar(255) CHARACTER SET utf8 COLLATE utf8_general_ci NULL DEFAULT NULL,
  PRIMARY KEY (`id`) USING BTREE,
  UNIQUE INDEX `name`(`name`) USING BTREE
) ENGINE = InnoDB AUTO_INCREMENT = 3 CHARACTER SET = utf8 COLLATE = utf8_general_ci ROW_FORMAT = Dynamic;

-- ----------------------------
-- Records of role
-- ----------------------------
INSERT INTO `role` VALUES (1, 'ROLE_admin');
INSERT INTO `role` VALUES (2, 'ROLE_operator');

-- ----------------------------
-- Table structure for role_user
-- ----------------------------
DROP TABLE IF EXISTS `role_user`;
CREATE TABLE `role_user`  (
  `role_id` int(0) NULL DEFAULT NULL,
  `user_id` int(0) NULL DEFAULT NULL,
  INDEX `role_id`(`role_id`) USING BTREE,
  INDEX `user_id`(`user_id`) USING BTREE,
  CONSTRAINT `role_user_ibfk_1` FOREIGN KEY (`role_id`) REFERENCES `role` (`id`) ON DELETE RESTRICT ON UPDATE RESTRICT,
  CONSTRAINT `role_user_ibfk_2` FOREIGN KEY (`user_id`) REFERENCES `user` (`id`) ON DELETE RESTRICT ON UPDATE RESTRICT
) ENGINE = InnoDB CHARACTER SET = utf8 COLLATE = utf8_general_ci ROW_FORMAT = Dynamic;

-- ----------------------------
-- Records of role_user
-- ----------------------------
INSERT INTO `role_user` VALUES (1, 1);
INSERT INTO `role_user` VALUES (2, 2);

-- ----------------------------
-- Table structure for user
-- ----------------------------
DROP TABLE IF EXISTS `user`;
CREATE TABLE `user`  (
  `id` int(0) NOT NULL AUTO_INCREMENT,
  `username` varchar(100) CHARACTER SET utf8 COLLATE utf8_general_ci NOT NULL,
  `password` varchar(1024) CHARACTER SET utf8 COLLATE utf8_general_ci NOT NULL,
  `email` varchar(1024) CHARACTER SET utf8 COLLATE utf8_general_ci NOT NULL,
  `enabled` tinyint(0) NOT NULL,
  `accountNonExpired` tinyint(0) NOT NULL,
  `credentialsNonExpired` tinyint(0) NOT NULL,
  `accountNonLocked` tinyint(0) NOT NULL,
  PRIMARY KEY (`id`) USING BTREE,
  UNIQUE INDEX `username`(`username`) USING BTREE
) ENGINE = InnoDB AUTO_INCREMENT = 3 CHARACTER SET = utf8 COLLATE = utf8_general_ci ROW_FORMAT = Dynamic;

-- ----------------------------
-- Records of user
-- ----------------------------
INSERT INTO `user` VALUES (1, 'test', '$2a$12$6Y8v8JsVLNLVSdAP0ivveOv0q3hgksieEIlVui/hIElw5rGW9S/iO', '', 1, 1, 1, 1);
INSERT INTO `user` VALUES (2, 'suranga', '{bcrypt}$2a$10$wQ8vZl3Zm3.zDSIcZEYym.bGq3fPMJXH9k.Vhudcfr6O6KQwDPSt6', '', 1, 1, 1, 1);
INSERT INTO `user` VALUES (3, 'hung', '$2a$12$KKMJ4bt6pkAo8AtgwLbOK.pYvpzogbxa37ncR9whwpAwc7L7eNgx2', 'k@krishantha.com', 1, 1, 1, 1);

SET FOREIGN_KEY_CHECKS = 1;
